--insert into USER_ROLE
INSERT INTO USER_ROLE(role_id,role_name) values(1,'Organizer');
INSERT INTO USER_ROLE(role_id,role_name) values(2,'Coach');
INSERT INTO USER_ROLE(role_id,role_name) values(3,'Guest');

--insert into USER_ACCOUNT
INSERT INTO USER_ACCOUNT(user_id,username,passkey,role_id,last_login) values(SEQ_USER_ACCOUNT.NEXTVAL,'Carlos Arthur Nuzman','Rio',1,'1-APR-2020');
INSERT INTO USER_ACCOUNT(user_id,username,passkey,role_id,last_login) values(SEQ_USER_ACCOUNT.NEXTVAL,'Gianna Angelopoulos-Daskalaki','Athens',1,'1-APR-2020');
INSERT INTO USER_ACCOUNT(user_id,username,passkey,role_id,last_login) values(SEQ_USER_ACCOUNT.NEXTVAL,'Hu Jintao','Beijing',1,'1-APR-2020');
INSERT INTO USER_ACCOUNT(user_id,username,passkey,role_id,last_login) values(SEQ_USER_ACCOUNT.NEXTVAL,'Sebastian Newbold Coe','London',1,'1-APR-2020');
INSERT INTO USER_ACCOUNT(user_id,username,passkey,role_id,last_login) values(SEQ_USER_ACCOUNT.NEXTVAL,'guest','GUEST',3,'1-APR-2020');
INSERT INTO USER_ACCOUNT(user_id,username,passkey,role_id,last_login) values(SEQ_USER_ACCOUNT.NEXTVAL,'Ruben Magnano','RM',2,'1-APR-2020');
INSERT INTO USER_ACCOUNT(user_id,username,passkey,role_id,last_login) values(SEQ_USER_ACCOUNT.NEXTVAL,'Carlo Recalcati','CR',2,'1-APR-2020');
INSERT INTO USER_ACCOUNT(user_id,username,passkey,role_id,last_login) values(SEQ_USER_ACCOUNT.NEXTVAL,'Larry Brown','LB',2,'1-APR-2020');
INSERT INTO USER_ACCOUNT(user_id,username,passkey,role_id,last_login) values(SEQ_USER_ACCOUNT.NEXTVAL,'Antanas Sireika','AS',2,'1-APR-2020');
INSERT INTO USER_ACCOUNT(user_id,username,passkey,role_id,last_login) values(SEQ_USER_ACCOUNT.NEXTVAL,'Panagiotis Giannakis','PG',2,'1-APR-2020');
INSERT INTO USER_ACCOUNT(user_id,username,passkey,role_id,last_login) values(SEQ_USER_ACCOUNT.NEXTVAL,'Julio Toro','JT',2,'1-APR-2020');
INSERT INTO USER_ACCOUNT(user_id,username,passkey,role_id,last_login) values(SEQ_USER_ACCOUNT.NEXTVAL,'Mario Pesquera','MP',2,'1-APR-2020');
INSERT INTO USER_ACCOUNT(user_id,username,passkey,role_id,last_login) values(SEQ_USER_ACCOUNT.NEXTVAL,'Del Harris','DH',2,'1-APR-2020');
INSERT INTO USER_ACCOUNT(user_id,username,passkey,role_id,last_login) values(SEQ_USER_ACCOUNT.NEXTVAL,'Mike Krzyzewski','MK',2,'1-APR-2020');
INSERT INTO USER_ACCOUNT(user_id,username,passkey,role_id,last_login) values(SEQ_USER_ACCOUNT.NEXTVAL,'Aito Garcia','AG',2,'1-APR-2020');
INSERT INTO USER_ACCOUNT(user_id,username,passkey,role_id,last_login) values(SEQ_USER_ACCOUNT.NEXTVAL,'Sergio Hernandez','SH',2,'1-APR-2020');
INSERT INTO USER_ACCOUNT(user_id,username,passkey,role_id,last_login) values(SEQ_USER_ACCOUNT.NEXTVAL,'Ramunas Butautas','RB',2,'1-APR-2020');
INSERT INTO USER_ACCOUNT(user_id,username,passkey,role_id,last_login) values(SEQ_USER_ACCOUNT.NEXTVAL,'Jasmin Repesa','JR',2,'1-APR-2020');
INSERT INTO USER_ACCOUNT(user_id,username,passkey,role_id,last_login) values(SEQ_USER_ACCOUNT.NEXTVAL,'Brian Goorjian','BG',2,'1-APR-2020');
INSERT INTO USER_ACCOUNT(user_id,username,passkey,role_id,last_login) values(SEQ_USER_ACCOUNT.NEXTVAL,'Jonas Kazlauskas','JK',2,'1-APR-2020');
INSERT INTO USER_ACCOUNT(user_id,username,passkey,role_id,last_login) values(SEQ_USER_ACCOUNT.NEXTVAL,'Sergio Scariolo','SS',2,'1-APR-2020');
INSERT INTO USER_ACCOUNT(user_id,username,passkey,role_id,last_login) values(SEQ_USER_ACCOUNT.NEXTVAL,'David Blatt','DB',2,'1-APR-2020');
INSERT INTO USER_ACCOUNT(user_id,username,passkey,role_id,last_login) values(SEQ_USER_ACCOUNT.NEXTVAL,'Julio Lamas','JL',2,'1-APR-2020');
INSERT INTO USER_ACCOUNT(user_id,username,passkey,role_id,last_login) values(SEQ_USER_ACCOUNT.NEXTVAL,'Vincent Collet','VC',2,'1-APR-2020');
INSERT INTO USER_ACCOUNT(user_id,username,passkey,role_id,last_login) values(SEQ_USER_ACCOUNT.NEXTVAL,'Brett Brown','BB',2,'1-APR-2020');
INSERT INTO USER_ACCOUNT(user_id,username,passkey,role_id,last_login) values(SEQ_USER_ACCOUNT.NEXTVAL,'Kestutis Kemzura','KK',2,'1-APR-2020');
INSERT INTO USER_ACCOUNT(user_id,username,passkey,role_id,last_login) values(SEQ_USER_ACCOUNT.NEXTVAL,'Aleksandar Dordevic','AD',2,'1-APR-2020');
INSERT INTO USER_ACCOUNT(user_id,username,passkey,role_id,last_login) values(SEQ_USER_ACCOUNT.NEXTVAL,'Andrej Lemanis','AL',2,'1-APR-2020');
INSERT INTO USER_ACCOUNT(user_id,username,passkey,role_id,last_login) values(SEQ_USER_ACCOUNT.NEXTVAL,'Aleksandar Petrovic','AP',2,'1-APR-2020');
INSERT INTO USER_ACCOUNT(user_id,username,passkey,role_id,last_login) values(SEQ_USER_ACCOUNT.NEXTVAL,'Toshi Yoshida','TY',2,'1-APR-2020');
INSERT INTO USER_ACCOUNT(user_id,username,passkey,role_id,last_login) values(SEQ_USER_ACCOUNT.NEXTVAL,'Jose Guimaraes','JG',2,'1-APR-2020');
INSERT INTO USER_ACCOUNT(user_id,username,passkey,role_id,last_login) values(SEQ_USER_ACCOUNT.NEXTVAL,'Broden Kelly','BK',2,'1-APR-2020');
INSERT INTO USER_ACCOUNT(user_id,username,passkey,role_id,last_login) values(SEQ_USER_ACCOUNT.NEXTVAL,'Hugh McCutcheon','HM',2,'1-APR-2020');
INSERT INTO USER_ACCOUNT(user_id,username,passkey,role_id,last_login) values(SEQ_USER_ACCOUNT.NEXTVAL,'Lang Ping','LP',2,'1-APR-2020');
INSERT INTO USER_ACCOUNT(user_id,username,passkey,role_id,last_login) values(SEQ_USER_ACCOUNT.NEXTVAL,'Phil Dalhausser','PD',2,'1-APR-2020');
INSERT INTO USER_ACCOUNT(user_id,username,passkey,role_id,last_login) values(SEQ_USER_ACCOUNT.NEXTVAL,'Denes Kemeny','DK',2,'1-APR-2020');
INSERT INTO USER_ACCOUNT(user_id,username,passkey,role_id,last_login) values(SEQ_USER_ACCOUNT.NEXTVAL,'Nenad Manojlovic','NM',2,'1-APR-2020');
INSERT INTO USER_ACCOUNT(user_id,username,passkey,role_id,last_login) values(SEQ_USER_ACCOUNT.NEXTVAL,'Aleksandr Kabanov','AK',2,'1-APR-2020');
INSERT INTO USER_ACCOUNT(user_id,username,passkey,role_id,last_login) values(SEQ_USER_ACCOUNT.NEXTVAL,'Alessandro Campagna','AC',2,'1-APR-2020');
INSERT INTO USER_ACCOUNT(user_id,username,passkey,role_id,last_login) values(SEQ_USER_ACCOUNT.NEXTVAL,'Alex Rodriguez','AR',2,'1-APR-2020');
INSERT INTO USER_ACCOUNT(user_id,username,passkey,role_id,last_login) values(SEQ_USER_ACCOUNT.NEXTVAL,'Dejan Udovicic','DU',2,'1-APR-2020');
INSERT INTO USER_ACCOUNT(user_id,username,passkey,role_id,last_login) values(SEQ_USER_ACCOUNT.NEXTVAL,'Vladimir Gojkovic','VG',2,'1-APR-2020');
INSERT INTO USER_ACCOUNT(user_id,username,passkey,role_id,last_login) values(SEQ_USER_ACCOUNT.NEXTVAL,'Ivica Tucak','IT',2,'1-APR-2020');
INSERT INTO USER_ACCOUNT(user_id,username,passkey,role_id,last_login) values(SEQ_USER_ACCOUNT.NEXTVAL,'Giussepe Mariano','GM',2,'1-APR-2020');
INSERT INTO USER_ACCOUNT(user_id,username,passkey,role_id,last_login) values(SEQ_USER_ACCOUNT.NEXTVAL,'Masaharu Morimoto','MM',2,'1-APR-2020');
INSERT INTO USER_ACCOUNT(user_id,username,passkey,role_id,last_login) values(SEQ_USER_ACCOUNT.NEXTVAL,'Mark Bonnano','MB',2,'1-APR-2020');
INSERT INTO USER_ACCOUNT(user_id,username,passkey,role_id,last_login) values(SEQ_USER_ACCOUNT.NEXTVAL,'Tim Williamson','TW',2,'1-APR-2020');
INSERT INTO USER_ACCOUNT(user_id,username,passkey,role_id,last_login) values(SEQ_USER_ACCOUNT.NEXTVAL,'Vladimir Ralov','VR',2,'1-APR-2020');
INSERT INTO USER_ACCOUNT(user_id,username,passkey,role_id,last_login) values(SEQ_USER_ACCOUNT.NEXTVAL,'Seon Park','SP',2,'1-APR-2020');
INSERT INTO USER_ACCOUNT(user_id,username,passkey,role_id,last_login) values(SEQ_USER_ACCOUNT.NEXTVAL,'Yaroslav Petrov','YP',2,'1-APR-2020');
INSERT INTO USER_ACCOUNT(user_id,username,passkey,role_id,last_login) values(SEQ_USER_ACCOUNT.NEXTVAL,'Alan Ramirez','AR',2,'1-APR-2020');
INSERT INTO USER_ACCOUNT(user_id,username,passkey,role_id,last_login) values(SEQ_USER_ACCOUNT.NEXTVAL,'Yong Wei','YW',2,'1-APR-2020');
INSERT INTO USER_ACCOUNT(user_id,username,passkey,role_id,last_login) values(SEQ_USER_ACCOUNT.NEXTVAL,'Will Jansen','WJ',2,'1-APR-2020');
INSERT INTO USER_ACCOUNT(user_id,username,passkey,role_id,last_login) values(SEQ_USER_ACCOUNT.NEXTVAL,'Pierre Couture','PC',2,'1-APR-2020');
INSERT INTO USER_ACCOUNT(user_id,username,passkey,role_id,last_login) values(SEQ_USER_ACCOUNT.NEXTVAL,'Bobby Singer','BS',2,'1-APR-2020');
INSERT INTO USER_ACCOUNT(user_id,username,passkey,role_id,last_login) values(SEQ_USER_ACCOUNT.NEXTVAL,'Kim Yong-kyu','KY',2,'1-APR-2020');
INSERT INTO USER_ACCOUNT(user_id,username,passkey,role_id,last_login) values(SEQ_USER_ACCOUNT.NEXTVAL,'Jin Yang','JY',2,'1-APR-2020');
INSERT INTO USER_ACCOUNT(user_id,username,passkey,role_id,last_login) values(SEQ_USER_ACCOUNT.NEXTVAL,'Lucas Nilsson','LN',2,'1-APR-2020');
INSERT INTO USER_ACCOUNT(user_id,username,passkey,role_id,last_login) values(SEQ_USER_ACCOUNT.NEXTVAL,'Finn Meyer','FM',2,'1-APR-2020');
INSERT INTO USER_ACCOUNT(user_id,username,passkey,role_id,last_login) values(SEQ_USER_ACCOUNT.NEXTVAL,'Guanlin Huang','GH',2,'1-APR-2020');
INSERT INTO USER_ACCOUNT(user_id,username,passkey,role_id,last_login) values(SEQ_USER_ACCOUNT.NEXTVAL,'Akasuki Takahashi','AT',2,'1-APR-2020');
INSERT INTO USER_ACCOUNT(user_id,username,passkey,role_id,last_login) values(SEQ_USER_ACCOUNT.NEXTVAL,'Arciom Ivanova','AI',2,'1-APR-2020');
INSERT INTO USER_ACCOUNT(user_id,username,passkey,role_id,last_login) values(SEQ_USER_ACCOUNT.NEXTVAL,'Francisco Rivera','FR',2,'1-APR-2020');
INSERT INTO USER_ACCOUNT(user_id,username,passkey,role_id,last_login) values(SEQ_USER_ACCOUNT.NEXTVAL,'Ignaz Szczok','IS',2,'1-APR-2020');
INSERT INTO USER_ACCOUNT(user_id,username,passkey,role_id,last_login) values(SEQ_USER_ACCOUNT.NEXTVAL,'Adrienn Szabo','AS',2,'1-APR-2020');
INSERT INTO USER_ACCOUNT(user_id,username,passkey,role_id,last_login) values(SEQ_USER_ACCOUNT.NEXTVAL,'Chaewon Lee','CL',2,'1-APR-2020');
INSERT INTO USER_ACCOUNT(user_id,username,passkey,role_id,last_login) values(SEQ_USER_ACCOUNT.NEXTVAL,'Misha Yahontov','MY',2,'1-APR-2020');
INSERT INTO USER_ACCOUNT(user_id,username,passkey,role_id,last_login) values(SEQ_USER_ACCOUNT.NEXTVAL,'Danilo Petrucci','DP',2,'1-APR-2020');
INSERT INTO USER_ACCOUNT(user_id,username,passkey,role_id,last_login) values(SEQ_USER_ACCOUNT.NEXTVAL,'Mariem Hammami','MH',2,'1-APR-2020');

--insert into OLYMPICS
INSERT INTO OLYMPICS(olympic_id,olympic_num,host_city,opening_date,closing_date,official_website) values(1,'XXVIII','Athens','13-AUG-2004','29-AUG-2004','https://www.olympic.org/athens-2004');
INSERT INTO OLYMPICS(olympic_id,olympic_num,host_city,opening_date,closing_date,official_website) values(2,'XXIX','Beijing','08-AUG-2008','24-AUG-2008','https://www.olympic.org/beijing-2008');
INSERT INTO OLYMPICS(olympic_id,olympic_num,host_city,opening_date,closing_date,official_website) values(3,'XXX','London','27-JUL-2012','12-AUG-2012','https://www.olympic.org/london-2012');
INSERT INTO OLYMPICS(olympic_id,olympic_num,host_city,opening_date,closing_date,official_website) values(4,'XXXI','Rio','05-AUG-2016','21-AUG-2016','https://www.olympic.org/rio-2016');

--insert into SPORT
INSERT INTO SPORT(sport_id,sport_name,description,dob,team_size) values(1,'Basketball','players shoot ball through hoop for points',TO_DATE('1936', 'YYYY'),'5');
INSERT INTO SPORT(sport_id,sport_name,description,dob,team_size) values(2,'Beach Volleyball','players on beach hit ball over net for points',TO_DATE('1996', 'YYYY'),'2');
INSERT INTO SPORT(sport_id,sport_name,description,dob,team_size) values(3,'Water Polo','handball played in a pool',TO_DATE('1900', 'YYYY'),'7');
INSERT INTO SPORT(sport_id,sport_name,description,dob,team_size) values(4,'Archery','players shoot arrows at targets',TO_DATE('1900', 'YYYY'),'1');
INSERT INTO SPORT(sport_id,sport_name,description,dob,team_size) values(5,'Table Tennis','players volley ball on netted table',TO_DATE('1988', 'YYYY'),'1');
INSERT INTO SPORT(sport_id,sport_name,description,dob,team_size) values(6,'Fencing','players shoot ball through hoop for points',TO_DATE('1896', 'YYYY'),'1');

--insert into COUNTRY
INSERT INTO COUNTRY(country_id,country,country_code) values(SEQ_COUNTRY.NEXTVAL,'Argentina','ARG');
INSERT INTO COUNTRY(country_id,country,country_code) values(SEQ_COUNTRY.NEXTVAL,'Australia','AUS');
INSERT INTO COUNTRY(country_id,country,country_code) values(SEQ_COUNTRY.NEXTVAL,'Austria','AUT');
INSERT INTO COUNTRY(country_id,country,country_code) values(SEQ_COUNTRY.NEXTVAL,'Belarus','BLR');
INSERT INTO COUNTRY(country_id,country,country_code) values(SEQ_COUNTRY.NEXTVAL,'Brazil','BRA');
INSERT INTO COUNTRY(country_id,country,country_code) values(SEQ_COUNTRY.NEXTVAL,'Canada','CAN');
INSERT INTO COUNTRY(country_id,country,country_code) values(SEQ_COUNTRY.NEXTVAL,'China','CHN');
INSERT INTO COUNTRY(country_id,country,country_code) values(SEQ_COUNTRY.NEXTVAL,'Chinese Taipei','TPE');
INSERT INTO COUNTRY(country_id,country,country_code) values(SEQ_COUNTRY.NEXTVAL,'Croatia','CRO');
INSERT INTO COUNTRY(country_id,country,country_code) values(SEQ_COUNTRY.NEXTVAL,'Cuba','CUB');
INSERT INTO COUNTRY(country_id,country,country_code) values(SEQ_COUNTRY.NEXTVAL,'Czech Republic','CZE');
INSERT INTO COUNTRY(country_id,country,country_code) values(SEQ_COUNTRY.NEXTVAL,'Denmark','DEN');
INSERT INTO COUNTRY(country_id,country,country_code) values(SEQ_COUNTRY.NEXTVAL,'France','FRA');
INSERT INTO COUNTRY(country_id,country,country_code) values(SEQ_COUNTRY.NEXTVAL,'Germany','GER');
INSERT INTO COUNTRY(country_id,country,country_code) values(SEQ_COUNTRY.NEXTVAL,'Great Britain','GBR');
INSERT INTO COUNTRY(country_id,country,country_code) values(SEQ_COUNTRY.NEXTVAL,'Greece','GRE');
INSERT INTO COUNTRY(country_id,country,country_code) values(SEQ_COUNTRY.NEXTVAL,'Hong Kong','HKG');
INSERT INTO COUNTRY(country_id,country,country_code) values(SEQ_COUNTRY.NEXTVAL,'Hungary','HUN');
INSERT INTO COUNTRY(country_id,country,country_code) values(SEQ_COUNTRY.NEXTVAL,'Italy','ITA');
INSERT INTO COUNTRY(country_id,country,country_code) values(SEQ_COUNTRY.NEXTVAL,'Japan','JPN');
INSERT INTO COUNTRY(country_id,country,country_code) values(SEQ_COUNTRY.NEXTVAL,'Lithuania','LTU');
INSERT INTO COUNTRY(country_id,country,country_code) values(SEQ_COUNTRY.NEXTVAL,'Malaysia','MAS');
INSERT INTO COUNTRY(country_id,country,country_code) values(SEQ_COUNTRY.NEXTVAL,'Mexico','MEX');
INSERT INTO COUNTRY(country_id,country,country_code) values(SEQ_COUNTRY.NEXTVAL,'Montenegro','MNE');
INSERT INTO COUNTRY(country_id,country,country_code) values(SEQ_COUNTRY.NEXTVAL,'Netherlands','NED');
INSERT INTO COUNTRY(country_id,country,country_code) values(SEQ_COUNTRY.NEXTVAL,'Nigeria','NGR');
INSERT INTO COUNTRY(country_id,country,country_code) values(SEQ_COUNTRY.NEXTVAL,'Poland','POL');
INSERT INTO COUNTRY(country_id,country,country_code) values(SEQ_COUNTRY.NEXTVAL,'Portugal','POR');
INSERT INTO COUNTRY(country_id,country,country_code) values(SEQ_COUNTRY.NEXTVAL,'Puerto Rico','PUR');
INSERT INTO COUNTRY(country_id,country,country_code) values(SEQ_COUNTRY.NEXTVAL,'Romania','ROU');
INSERT INTO COUNTRY(country_id,country,country_code) values(SEQ_COUNTRY.NEXTVAL,'Russia','RUS');
INSERT INTO COUNTRY(country_id,country,country_code) values(SEQ_COUNTRY.NEXTVAL,'Serbia and Montenegro','SCG');
INSERT INTO COUNTRY(country_id,country,country_code) values(SEQ_COUNTRY.NEXTVAL,'Serbia','SRB');
INSERT INTO COUNTRY(country_id,country,country_code) values(SEQ_COUNTRY.NEXTVAL,'South Korea','KOR');
INSERT INTO COUNTRY(country_id,country,country_code) values(SEQ_COUNTRY.NEXTVAL,'Spain','ESP');
INSERT INTO COUNTRY(country_id,country,country_code) values(SEQ_COUNTRY.NEXTVAL,'Sweden','SWE');
INSERT INTO COUNTRY(country_id,country,country_code) values(SEQ_COUNTRY.NEXTVAL,'Switzerland','SUI');
INSERT INTO COUNTRY(country_id,country,country_code) values(SEQ_COUNTRY.NEXTVAL,'Tunisia','TUN');
INSERT INTO COUNTRY(country_id,country,country_code) values(SEQ_COUNTRY.NEXTVAL,'Ukraine','UKR');
INSERT INTO COUNTRY(country_id,country,country_code) values(SEQ_COUNTRY.NEXTVAL,'United States','USA');

--insert into PARTICIPANT
INSERT INTO PARTICIPANT(participant_id, fname, lname, nationality, birth_place, dob) values(SEQ_PARTICIPANT.NEXTVAL, 'Carlos','Delfino','Argentina','Santa Fe, Argentina','29-AUG-1982');
INSERT INTO PARTICIPANT(participant_id, fname, lname, nationality, birth_place, dob) values(SEQ_PARTICIPANT.NEXTVAL, 'Gabriel','Fernandez','Argentina','Burzaco, Argentina','23-OCT-1976');
INSERT INTO PARTICIPANT(participant_id, fname, lname, nationality, birth_place, dob) values(SEQ_PARTICIPANT.NEXTVAL, 'Walter','Herrmann','Argentina','Venado Tuerto, Argentina','26-JUN-1979');
INSERT INTO PARTICIPANT(participant_id, fname, lname, nationality, birth_place, dob) values(SEQ_PARTICIPANT.NEXTVAL, 'Andres','Nocioni','Argentina','Santa Fe, Argentina','30-NOV-1979');
INSERT INTO PARTICIPANT(participant_id, fname, lname, nationality, birth_place, dob) values(SEQ_PARTICIPANT.NEXTVAL, 'Fabricio','Oberto','Argentina','Las Flores, Argentina','21-MAR-1973');
INSERT INTO PARTICIPANT(participant_id, fname, lname, nationality, birth_place, dob) values(SEQ_PARTICIPANT.NEXTVAL, 'Gianluca','Basile','Italy','Ruvo di Puglia, Italy','24-JAN-1975');
INSERT INTO PARTICIPANT(participant_id, fname, lname, nationality, birth_place, dob) values(SEQ_PARTICIPANT.NEXTVAL, 'Massimo','Bulleri','Italy','Cecina, Italy','10-SEP-1977');
INSERT INTO PARTICIPANT(participant_id, fname, lname, nationality, birth_place, dob) values(SEQ_PARTICIPANT.NEXTVAL, 'Roberto','Chiacig','Italy','Cividale del Fruili, Italy','01-DEC-1974');
INSERT INTO PARTICIPANT(participant_id, fname, lname, nationality, birth_place, dob) values(SEQ_PARTICIPANT.NEXTVAL, 'Jack','Galanda','Italy','Udine, Italy','30-JAN-1975');
INSERT INTO PARTICIPANT(participant_id, fname, lname, nationality, birth_place, dob) values(SEQ_PARTICIPANT.NEXTVAL, 'Luca','Garri','Italy','Asti, Italy','03-JAN-1982');
INSERT INTO PARTICIPANT(participant_id, fname, lname, nationality, birth_place, dob) values(SEQ_PARTICIPANT.NEXTVAL, 'Carmelo','Anthony','United States','New York, United States','29-MAY-1984');
INSERT INTO PARTICIPANT(participant_id, fname, lname, nationality, birth_place, dob) values(SEQ_PARTICIPANT.NEXTVAL, 'Allen','Iverson','United States','Hampton, United States','07-JUN-1975');
INSERT INTO PARTICIPANT(participant_id, fname, lname, nationality, birth_place, dob) values(SEQ_PARTICIPANT.NEXTVAL, 'LeBron','James','United States','Akron, United States','30-DEC-1984');
INSERT INTO PARTICIPANT(participant_id, fname, lname, nationality, birth_place, dob) values(SEQ_PARTICIPANT.NEXTVAL, 'Lamar','Odom','United States','Jamaica, United States','06-NOV-1979');
INSERT INTO PARTICIPANT(participant_id, fname, lname, nationality, birth_place, dob) values(SEQ_PARTICIPANT.NEXTVAL, 'Richard','Jefferson','United States','Los Angeles, United States','21-JUN-1980');
INSERT INTO PARTICIPANT(participant_id, fname, lname, nationality, birth_place, dob) values(SEQ_PARTICIPANT.NEXTVAL, 'Robertas','Javtokas','Lithuania','Siauliai, Lithuania','20-MAR-1980');
INSERT INTO PARTICIPANT(participant_id, fname, lname, nationality, birth_place, dob) values(SEQ_PARTICIPANT.NEXTVAL, 'Arvydas','Macijauskas','Lithuania','Klaipeda, Lithuania','19-JAN-1980');
INSERT INTO PARTICIPANT(participant_id, fname, lname, nationality, birth_place, dob) values(SEQ_PARTICIPANT.NEXTVAL, 'Donatas','Slanina','Lithuania','Siauliai, Lithuania','23-APR-1977');
INSERT INTO PARTICIPANT(participant_id, fname, lname, nationality, birth_place, dob) values(SEQ_PARTICIPANT.NEXTVAL, 'Darius','Songaila','Lithuania','Marijampole, Lithuania','14-FEB-1978');
INSERT INTO PARTICIPANT(participant_id, fname, lname, nationality, birth_place, dob) values(SEQ_PARTICIPANT.NEXTVAL, 'Vidas','Ginevicius','Lithuania','Kaunas, Lithuania','11-MAY-1978');
INSERT INTO PARTICIPANT(participant_id, fname, lname, nationality, birth_place, dob) values(SEQ_PARTICIPANT.NEXTVAL, 'Frankie','Alvertis','Greece','Glyfada, Greece','11-JUN-1974');
INSERT INTO PARTICIPANT(participant_id, fname, lname, nationality, birth_place, dob) values(SEQ_PARTICIPANT.NEXTVAL, 'Dimitrios','Diamantidis','Greece','Kastoria, Greece','06-MAY-1980');
INSERT INTO PARTICIPANT(participant_id, fname, lname, nationality, birth_place, dob) values(SEQ_PARTICIPANT.NEXTVAL, 'Dimos','Dikoudis','Greece','Larisa, Greece','25-JUN-1977');
INSERT INTO PARTICIPANT(participant_id, fname, lname, nationality, birth_place, dob) values(SEQ_PARTICIPANT.NEXTVAL, 'Antonios','Fotsis','Greece','Marousi, Greece','01-APR-1981');
INSERT INTO PARTICIPANT(participant_id, fname, lname, nationality, birth_place, dob) values(SEQ_PARTICIPANT.NEXTVAL, 'Mikhalis','Kakiouzis','Greece','Athens, Greece','29-NOV-1976');
INSERT INTO PARTICIPANT(participant_id, fname, lname, nationality, birth_place, dob) values(SEQ_PARTICIPANT.NEXTVAL, 'Larry','Ayuso','Puerto Rico','Rao Piedras, Puerto Rico','27-MAR-1977');
INSERT INTO PARTICIPANT(participant_id, fname, lname, nationality, birth_place, dob) values(SEQ_PARTICIPANT.NEXTVAL, 'Carlos','Arroyo','Puerto Rico','Fajardo, Puerto Rico','30-JUL-1979');
INSERT INTO PARTICIPANT(participant_id, fname, lname, nationality, birth_place, dob) values(SEQ_PARTICIPANT.NEXTVAL, 'Christian','Dalmau','Puerto Rico','Arecibo, Puerto Rico','29-AUG-1975');
INSERT INTO PARTICIPANT(participant_id, fname, lname, nationality, birth_place, dob) values(SEQ_PARTICIPANT.NEXTVAL, 'Roberto Jose','Hatton','Puerto Rico','Ponce, Puerto Rico','11-OCT-1976');
INSERT INTO PARTICIPANT(participant_id, fname, lname, nationality, birth_place, dob) values(SEQ_PARTICIPANT.NEXTVAL, 'Rolando','Hourruitiner','Puerto Rico','Rao Piedras, Puerto Rico','28-MAY-1975');
INSERT INTO PARTICIPANT(participant_id, fname, lname, nationality, birth_place, dob) values(SEQ_PARTICIPANT.NEXTVAL, 'Oscar','Yerba','Spain','Leon, Spain','15-JUL-1974');
INSERT INTO PARTICIPANT(participant_id, fname, lname, nationality, birth_place, dob) values(SEQ_PARTICIPANT.NEXTVAL, 'Jose','Calderon','Spain','Villanueva de la Serena, Spain','28-SEP-1981');
INSERT INTO PARTICIPANT(participant_id, fname, lname, nationality, birth_place, dob) values(SEQ_PARTICIPANT.NEXTVAL, 'Jaume','Comas','Spain','Barcelona, Spain','02-AUG-1974');
INSERT INTO PARTICIPANT(participant_id, fname, lname, nationality, birth_place, dob) values(SEQ_PARTICIPANT.NEXTVAL, 'Rodrigo','de la Fuente','Spain','Madrid, Spain','26-NOV-1976');
INSERT INTO PARTICIPANT(participant_id, fname, lname, nationality, birth_place, dob) values(SEQ_PARTICIPANT.NEXTVAL, 'Roberto','Duenas','Spain','Madrid, Spain','01-NOV-1975');
INSERT INTO PARTICIPANT(participant_id, fname, lname, nationality, birth_place, dob) values(SEQ_PARTICIPANT.NEXTVAL, 'Meng','Kebateer','China','Nei Mongol, China','20-NOV-1975');
INSERT INTO PARTICIPANT(participant_id, fname, lname, nationality, birth_place, dob) values(SEQ_PARTICIPANT.NEXTVAL, 'Chen','Ke','China','Beijing, China','16-MAY-1979');
INSERT INTO PARTICIPANT(participant_id, fname, lname, nationality, birth_place, dob) values(SEQ_PARTICIPANT.NEXTVAL, 'Du','Feng','China','Xinjiang, China','30-JUL-1981');
INSERT INTO PARTICIPANT(participant_id, fname, lname, nationality, birth_place, dob) values(SEQ_PARTICIPANT.NEXTVAL, 'Guo','Shiquiang','China','Liaoyang, China','08-JUL-1975');
INSERT INTO PARTICIPANT(participant_id, fname, lname, nationality, birth_place, dob) values(SEQ_PARTICIPANT.NEXTVAL, 'Li','Nan','China','Harbin, China','25-SEP-1976');

INSERT INTO PARTICIPANT(participant_id, fname, lname, nationality, birth_place, dob) values(SEQ_PARTICIPANT.NEXTVAL, 'Michael','Redd','United States','Columbus, United States','24-AUG-1979');
INSERT INTO PARTICIPANT(participant_id, fname, lname, nationality, birth_place, dob) values(SEQ_PARTICIPANT.NEXTVAL, 'Kobe','Bryant','United States','Philadelphia, United States','23-AUG-1978');
INSERT INTO PARTICIPANT(participant_id, fname, lname, nationality, birth_place, dob) values(SEQ_PARTICIPANT.NEXTVAL, 'Deron','Williams','United States','Parkersburg, United States','26-JUL-1984');
INSERT INTO PARTICIPANT(participant_id, fname, lname, nationality, birth_place, dob) values(SEQ_PARTICIPANT.NEXTVAL, 'Pau','Gasol','Spain','Barcelona, Spain','06-JUL-1980');
INSERT INTO PARTICIPANT(participant_id, fname, lname, nationality, birth_place, dob) values(SEQ_PARTICIPANT.NEXTVAL, 'Felipe','Reyes','Spain','Cordoba, Spain','16-MAY-1978');
INSERT INTO PARTICIPANT(participant_id, fname, lname, nationality, birth_place, dob) values(SEQ_PARTICIPANT.NEXTVAL, 'Rudy','Fernandez','Spain','Palma de Mallorca, Spain','04-APR-1985');
INSERT INTO PARTICIPANT(participant_id, fname, lname, nationality, birth_place, dob) values(SEQ_PARTICIPANT.NEXTVAL, 'Carlos','Jimenez','Spain','Madrid, Spain','10-FEB-1976');
INSERT INTO PARTICIPANT(participant_id, fname, lname, nationality, birth_place, dob) values(SEQ_PARTICIPANT.NEXTVAL, 'Leonardo','Gutierrez','Spain','Mar del Plata, Argentina','16-MAY-1978');
INSERT INTO PARTICIPANT(participant_id, fname, lname, nationality, birth_place, dob) values(SEQ_PARTICIPANT.NEXTVAL, 'Federico','Kammerichs','Spain','Goya, Argentina','21-JUN-1980');
INSERT INTO PARTICIPANT(participant_id, fname, lname, nationality, birth_place, dob) values(SEQ_PARTICIPANT.NEXTVAL, 'Antonio','Porta','Spain','Firmat, Argentina','28-OCT-1983');
INSERT INTO PARTICIPANT(participant_id, fname, lname, nationality, birth_place, dob) values(SEQ_PARTICIPANT.NEXTVAL, 'Simas','Jasaitis','Lithuania','Vilnius, Lithuania','26-MAR-1982');
INSERT INTO PARTICIPANT(participant_id, fname, lname, nationality, birth_place, dob) values(SEQ_PARTICIPANT.NEXTVAL, 'Linas','Kleiza','Lithuania','Kaunas, Lithuania','03-JAN-1985');
INSERT INTO PARTICIPANT(participant_id, fname, lname, nationality, birth_place, dob) values(SEQ_PARTICIPANT.NEXTVAL, 'Mindaugas','Lukauskis','Lithuania','Panevezys, Lithuania','19-MAY-1979');
INSERT INTO PARTICIPANT(participant_id, fname, lname, nationality, birth_place, dob) values(SEQ_PARTICIPANT.NEXTVAL, 'Jonas','Maciulis','Lithuania','Kaunas, Lithuania','10-FEB-1985');
INSERT INTO PARTICIPANT(participant_id, fname, lname, nationality, birth_place, dob) values(SEQ_PARTICIPANT.NEXTVAL, 'Ioannis','Bourousis','Greece','Karditsa, Greece','17-NOV-1983');
INSERT INTO PARTICIPANT(participant_id, fname, lname, nationality, birth_place, dob) values(SEQ_PARTICIPANT.NEXTVAL, 'Andreas','Glyniadakis','Greece','Khania, Greece','26-AUG-1981');
INSERT INTO PARTICIPANT(participant_id, fname, lname, nationality, birth_place, dob) values(SEQ_PARTICIPANT.NEXTVAL, 'Theodoros','Papaloukas','Greece','Athens, Greece','08-MAY-1977');
INSERT INTO PARTICIPANT(participant_id, fname, lname, nationality, birth_place, dob) values(SEQ_PARTICIPANT.NEXTVAL, 'Davor','Kus','Croatia','Rijeka, Croatia','21-JUL-1978');
INSERT INTO PARTICIPANT(participant_id, fname, lname, nationality, birth_place, dob) values(SEQ_PARTICIPANT.NEXTVAL, 'Marko','Tomas','Croatia','Koprivnica, Croatia','03-JAN-1985');
INSERT INTO PARTICIPANT(participant_id, fname, lname, nationality, birth_place, dob) values(SEQ_PARTICIPANT.NEXTVAL, 'Marko','Banic','Croatia','Zadar, Croatia','31-AUG-1978');
INSERT INTO PARTICIPANT(participant_id, fname, lname, nationality, birth_place, dob) values(SEQ_PARTICIPANT.NEXTVAL, 'Sandro','Nicevic','Croatia','Pula, Croatia','16-JUN-1976');
INSERT INTO PARTICIPANT(participant_id, fname, lname, nationality, birth_place, dob) values(SEQ_PARTICIPANT.NEXTVAL, 'Marko','Popovic','Croatia','Zadar, Croatia','12-JUN-1982');
INSERT INTO PARTICIPANT(participant_id, fname, lname, nationality, birth_place, dob) values(SEQ_PARTICIPANT.NEXTVAL, 'David','Andersen','Australia','Charlton, Australia','23-JUN-1980');
INSERT INTO PARTICIPANT(participant_id, fname, lname, nationality, birth_place, dob) values(SEQ_PARTICIPANT.NEXTVAL, 'Chris','Anstey','Australia','Melbourne, Australia','01-JAN-1975');
INSERT INTO PARTICIPANT(participant_id, fname, lname, nationality, birth_place, dob) values(SEQ_PARTICIPANT.NEXTVAL, 'David','Barlow','Australia','Melbourne, Australia','22-OCT-1983');
INSERT INTO PARTICIPANT(participant_id, fname, lname, nationality, birth_place, dob) values(SEQ_PARTICIPANT.NEXTVAL, 'Andrew','Bogut','Australia','Melbourne, Australia','28-NOV-1984');
INSERT INTO PARTICIPANT(participant_id, fname, lname, nationality, birth_place, dob) values(SEQ_PARTICIPANT.NEXTVAL, 'Joe','Ingles','Australia','Adelaide, Australia','02-OCT-1987');
INSERT INTO PARTICIPANT(participant_id, fname, lname, nationality, birth_place, dob) values(SEQ_PARTICIPANT.NEXTVAL, 'Chen','Jianghua','China','Canton, China','12-MAR-1989');
INSERT INTO PARTICIPANT(participant_id, fname, lname, nationality, birth_place, dob) values(SEQ_PARTICIPANT.NEXTVAL, 'Liu','Wei','China','Shanghai, China','15-JAN-1980');
INSERT INTO PARTICIPANT(participant_id, fname, lname, nationality, birth_place, dob) values(SEQ_PARTICIPANT.NEXTVAL, 'Sun','Yue','China','Cangzhou, China','06-NOV-1985');

INSERT INTO PARTICIPANT(participant_id, fname, lname, nationality, birth_place, dob) values(SEQ_PARTICIPANT.NEXTVAL, 'Kevin','Durant','United States','Washington DC, United States','29-SEP-1988');
INSERT INTO PARTICIPANT(participant_id, fname, lname, nationality, birth_place, dob) values(SEQ_PARTICIPANT.NEXTVAL, 'Sergio','Rodriguez','Spain','Arico, Spain','12-JUN-1986');
INSERT INTO PARTICIPANT(participant_id, fname, lname, nationality, birth_place, dob) values(SEQ_PARTICIPANT.NEXTVAL, 'Aleksey','Shved','Russia','Belgorod, Russia','16-DEC-1988');
INSERT INTO PARTICIPANT(participant_id, fname, lname, nationality, birth_place, dob) values(SEQ_PARTICIPANT.NEXTVAL, 'Timofey','Mozgov','Russia','St. Petersburg, Russia','16-JUL-1986');
INSERT INTO PARTICIPANT(participant_id, fname, lname, nationality, birth_place, dob) values(SEQ_PARTICIPANT.NEXTVAL, 'Sergey','Karasyov','Russia','St. Petersburg, Russia','26-OCT-1983');
INSERT INTO PARTICIPANT(participant_id, fname, lname, nationality, birth_place, dob) values(SEQ_PARTICIPANT.NEXTVAL, 'Vitaly','Fridzon','Russia','Klintsy, Russia','14-OCT-1985');
INSERT INTO PARTICIPANT(participant_id, fname, lname, nationality, birth_place, dob) values(SEQ_PARTICIPANT.NEXTVAL, 'Aleksandr','Kaun','Russia','Tomsk, Russia','08-MAY-1985');
INSERT INTO PARTICIPANT(participant_id, fname, lname, nationality, birth_place, dob) values(SEQ_PARTICIPANT.NEXTVAL, 'Luis','Scola','Argentina','Buenos Aires, Argentina','30-APR-1980');
INSERT INTO PARTICIPANT(participant_id, fname, lname, nationality, birth_place, dob) values(SEQ_PARTICIPANT.NEXTVAL, 'Marcelo','Machado','Brazil','Rio de Janiero, Brazil','12-APR-1975');
INSERT INTO PARTICIPANT(participant_id, fname, lname, nationality, birth_place, dob) values(SEQ_PARTICIPANT.NEXTVAL, 'Caio','Torres','Brazil','Sao Paulo, Brazil','03-JUN-1987');
INSERT INTO PARTICIPANT(participant_id, fname, lname, nationality, birth_place, dob) values(SEQ_PARTICIPANT.NEXTVAL, 'Alex','Garcia','Brazil','Sao Paulo, Brazil','04-MAR-1980');
INSERT INTO PARTICIPANT(participant_id, fname, lname, nationality, birth_place, dob) values(SEQ_PARTICIPANT.NEXTVAL, 'Marcelinho','Huertas','Brazil','Sao Paulo, Brazil','25-MAY-1983');
INSERT INTO PARTICIPANT(participant_id, fname, lname, nationality, birth_place, dob) values(SEQ_PARTICIPANT.NEXTVAL, 'Leandro','Barbosa','Brazil','Sao Paulo, Brazil','28-NOV-1982');
INSERT INTO PARTICIPANT(participant_id, fname, lname, nationality, birth_place, dob) values(SEQ_PARTICIPANT.NEXTVAL, 'Nicolas','Batum','France','Lisieux, France','14-DEC-1988');
INSERT INTO PARTICIPANT(participant_id, fname, lname, nationality, birth_place, dob) values(SEQ_PARTICIPANT.NEXTVAL, 'Fabien','Causeur','France','Brest, France','16-JUN-1987');
INSERT INTO PARTICIPANT(participant_id, fname, lname, nationality, birth_place, dob) values(SEQ_PARTICIPANT.NEXTVAL, 'Yakhouba','Diawara','France','Paris, France','29-AUG-1982');
INSERT INTO PARTICIPANT(participant_id, fname, lname, nationality, birth_place, dob) values(SEQ_PARTICIPANT.NEXTVAL, 'Boris','Diaw','France','Cormeilles-en-Parisis, France','16-APR-1982');
INSERT INTO PARTICIPANT(participant_id, fname, lname, nationality, birth_place, dob) values(SEQ_PARTICIPANT.NEXTVAL, 'Nando','De Colo','France','Sainte-Catherine-Les-Arras, France','23-JUN-1987');
INSERT INTO PARTICIPANT(participant_id, fname, lname, nationality, birth_place, dob) values(SEQ_PARTICIPANT.NEXTVAL, 'Peter','Crawford','Australia','Mount Isa, Australia','06-NOV-1979');
INSERT INTO PARTICIPANT(participant_id, fname, lname, nationality, birth_place, dob) values(SEQ_PARTICIPANT.NEXTVAL, 'Patty','Mills','Australia','Canberra, Australia','11-AUG-1988');
INSERT INTO PARTICIPANT(participant_id, fname, lname, nationality, birth_place, dob) values(SEQ_PARTICIPANT.NEXTVAL, 'Mantas','Kalnietis','Lithuania','Kaunas, Lithuania','06-SEP-1986');

INSERT INTO PARTICIPANT(participant_id, fname, lname, nationality, birth_place, dob) values(SEQ_PARTICIPANT.NEXTVAL, 'Jimmy','Butler','United States','Houston, United States','12-SEP-1989');
INSERT INTO PARTICIPANT(participant_id, fname, lname, nationality, birth_place, dob) values(SEQ_PARTICIPANT.NEXTVAL, 'Paul','George','United States','Palmdale, United States','02-MAY-1990');
INSERT INTO PARTICIPANT(participant_id, fname, lname, nationality, birth_place, dob) values(SEQ_PARTICIPANT.NEXTVAL, 'Kyle','Lowry','United States','Philadelphia, United States','25-MAR-1986');
INSERT INTO PARTICIPANT(participant_id, fname, lname, nationality, birth_place, dob) values(SEQ_PARTICIPANT.NEXTVAL, 'Bogdan','Bogdanovic','Serbia','Belgrade, Serbia','18-AUG-1992');
INSERT INTO PARTICIPANT(participant_id, fname, lname, nationality, birth_place, dob) values(SEQ_PARTICIPANT.NEXTVAL, 'Stefan','Markovic','Serbia','Belgrade, Serbia','25-APR-1988');
INSERT INTO PARTICIPANT(participant_id, fname, lname, nationality, birth_place, dob) values(SEQ_PARTICIPANT.NEXTVAL, 'Nikola','Kalinic','Serbia','Subotica, Serbia','08-NOV-1991');
INSERT INTO PARTICIPANT(participant_id, fname, lname, nationality, birth_place, dob) values(SEQ_PARTICIPANT.NEXTVAL, 'Nemanja','Nedovic','Serbia','Nova Varos, Serbia','16-JUN-1991');
INSERT INTO PARTICIPANT(participant_id, fname, lname, nationality, birth_place, dob) values(SEQ_PARTICIPANT.NEXTVAL, 'Nikola','Jokic','Serbia','Sombor, Serbia','19-FEB-1995');
INSERT INTO PARTICIPANT(participant_id, fname, lname, nationality, birth_place, dob) values(SEQ_PARTICIPANT.NEXTVAL, 'Chris','Goulding','Australia','Launceston, Australia','24-OCT-1988');
INSERT INTO PARTICIPANT(participant_id, fname, lname, nationality, birth_place, dob) values(SEQ_PARTICIPANT.NEXTVAL, 'Damian','Martin','Australia','Gloucester, Australia','05-SEP-1984');
INSERT INTO PARTICIPANT(participant_id, fname, lname, nationality, birth_place, dob) values(SEQ_PARTICIPANT.NEXTVAL, 'Luka','Babic','Croatia','Split, Croatia','29-SEP-1991');
INSERT INTO PARTICIPANT(participant_id, fname, lname, nationality, birth_place, dob) values(SEQ_PARTICIPANT.NEXTVAL, 'Krunoslav','Simon','Croatia','Zagreb, Croatia','24-JUN-1985');
INSERT INTO PARTICIPANT(participant_id, fname, lname, nationality, birth_place, dob) values(SEQ_PARTICIPANT.NEXTVAL, 'Mario','Hezonja','Croatia','Dubrovnik, Croatia','25-FEB-1995');
INSERT INTO PARTICIPANT(participant_id, fname, lname, nationality, birth_place, dob) values(SEQ_PARTICIPANT.NEXTVAL, 'Miro','Bilan','Croatia','Sibenik, Croatia','21-JUL-1989');
INSERT INTO PARTICIPANT(participant_id, fname, lname, nationality, birth_place, dob) values(SEQ_PARTICIPANT.NEXTVAL, 'Dario','Saric','Croatia','Sibenik, Croatia','08-APR-1994');
INSERT INTO PARTICIPANT(participant_id, fname, lname, nationality, birth_place, dob) values(SEQ_PARTICIPANT.NEXTVAL, 'Thomas','Heurtel','France','Beziers, France','10-APR-1989');
INSERT INTO PARTICIPANT(participant_id, fname, lname, nationality, birth_place, dob) values(SEQ_PARTICIPANT.NEXTVAL, 'Antione','Diot','France','Bourg-en-Bresse, France','17-JAN-1989');
INSERT INTO PARTICIPANT(participant_id, fname, lname, nationality, birth_place, dob) values(SEQ_PARTICIPANT.NEXTVAL, 'Renaldas','Seibutis','Lithuania','Sventoji, Lithuania','23-JUL-1985');
INSERT INTO PARTICIPANT(participant_id, fname, lname, nationality, birth_place, dob) values(SEQ_PARTICIPANT.NEXTVAL, 'Antanas','Kavaliauskas','Lithuania','Vilnius, Lithuania','19-SEP-1984');
INSERT INTO PARTICIPANT(participant_id, fname, lname, nationality, birth_place, dob) values(SEQ_PARTICIPANT.NEXTVAL, 'Facundo','Campazzo','Argentina','Cordoba, Argentina','23-MAR-1991');
INSERT INTO PARTICIPANT(participant_id, fname, lname, nationality, birth_place, dob) values(SEQ_PARTICIPANT.NEXTVAL, 'Gabriel','Deck','Argentina','Santiago del Estero, Argentina','08-FEB-1995');

INSERT INTO PARTICIPANT(participant_id, fname, lname, nationality, birth_place, dob) values(SEQ_PARTICIPANT.NEXTVAL, 'Kerri','Walsh Jennings','United States','Santa Clara, United States','15-AUG-1978');
INSERT INTO PARTICIPANT(participant_id, fname, lname, nationality, birth_place, dob) values(SEQ_PARTICIPANT.NEXTVAL, 'Misty','May-Treanor','United States','Costa Mesa, United States','30-JUL-1977');
INSERT INTO PARTICIPANT(participant_id, fname, lname, nationality, birth_place, dob) values(SEQ_PARTICIPANT.NEXTVAL, 'Adriana','Behar','Brazil','Rio de Janeiro, Brazil','14-FEB-1969');
INSERT INTO PARTICIPANT(participant_id, fname, lname, nationality, birth_place, dob) values(SEQ_PARTICIPANT.NEXTVAL, 'Shelda','Bede','Brazil','Fortaleza, Brazil','01-JAN-1973');
INSERT INTO PARTICIPANT(participant_id, fname, lname, nationality, birth_place, dob) values(SEQ_PARTICIPANT.NEXTVAL, 'Holly','McPeak','United States','Manhattan Beach, United States','15-MAY-1969');
INSERT INTO PARTICIPANT(participant_id, fname, lname, nationality, birth_place, dob) values(SEQ_PARTICIPANT.NEXTVAL, 'Elaine','Youngs','United States','Orange, United States','14-FEB-1970');
INSERT INTO PARTICIPANT(participant_id, fname, lname, nationality, birth_place, dob) values(SEQ_PARTICIPANT.NEXTVAL, 'Natalie','Cook','Australia','Townsville, Australia','19-JAN-1975');
INSERT INTO PARTICIPANT(participant_id, fname, lname, nationality, birth_place, dob) values(SEQ_PARTICIPANT.NEXTVAL, 'Nicole','Sanderson','Australia','Perth, Australia','01-APR-1976');
INSERT INTO PARTICIPANT(participant_id, fname, lname, nationality, birth_place, dob) values(SEQ_PARTICIPANT.NEXTVAL, 'Tian','Jia','China','Tianjin, China','09-FEB-1981');
INSERT INTO PARTICIPANT(participant_id, fname, lname, nationality, birth_place, dob) values(SEQ_PARTICIPANT.NEXTVAL, 'Wang','Jie','China','Altay, China','04-DEC-1983');
INSERT INTO PARTICIPANT(participant_id, fname, lname, nationality, birth_place, dob) values(SEQ_PARTICIPANT.NEXTVAL, 'Xue','Chen','China','Nanping, China','18-FEB-1989');
INSERT INTO PARTICIPANT(participant_id, fname, lname, nationality, birth_place, dob) values(SEQ_PARTICIPANT.NEXTVAL, 'Zhang','Xi','China','Nantong, China','19-APR-1985');
INSERT INTO PARTICIPANT(participant_id, fname, lname, nationality, birth_place, dob) values(SEQ_PARTICIPANT.NEXTVAL, 'Talita','Antunes da Rocha','Brazil','Aquidauana, Brazil','29-AUG-1982');
INSERT INTO PARTICIPANT(participant_id, fname, lname, nationality, birth_place, dob) values(SEQ_PARTICIPANT.NEXTVAL, 'Renata','Ribeiro','Brazil','Rio de Janeiro, Brazil','07-DEC-1981');
INSERT INTO PARTICIPANT(participant_id, fname, lname, nationality, birth_place, dob) values(SEQ_PARTICIPANT.NEXTVAL, 'April','Ross','United States','Costa Mesa, United States','20-JUN-1982');
INSERT INTO PARTICIPANT(participant_id, fname, lname, nationality, birth_place, dob) values(SEQ_PARTICIPANT.NEXTVAL, 'Jen','Kessy','United States','San Clemente, United States','31-JUL-1977');
INSERT INTO PARTICIPANT(participant_id, fname, lname, nationality, birth_place, dob) values(SEQ_PARTICIPANT.NEXTVAL, 'Juliana','Felisberta da Silva','Brazil','Santos, Brazil','22-JUL-1983');
INSERT INTO PARTICIPANT(participant_id, fname, lname, nationality, birth_place, dob) values(SEQ_PARTICIPANT.NEXTVAL, 'Larissa','Maestrini','Brazil','Cachoeiro de Itapemirim, Brazil','14-APR-1982');
INSERT INTO PARTICIPANT(participant_id, fname, lname, nationality, birth_place, dob) values(SEQ_PARTICIPANT.NEXTVAL, 'Laura','Ludwig','Germany','Berlin, Germanyy','13-JAN-1986');
INSERT INTO PARTICIPANT(participant_id, fname, lname, nationality, birth_place, dob) values(SEQ_PARTICIPANT.NEXTVAL, 'Kira','Walkenhorst','Germany','Essen, Germanyy','18-NOV-1990');
INSERT INTO PARTICIPANT(participant_id, fname, lname, nationality, birth_place, dob) values(SEQ_PARTICIPANT.NEXTVAL, 'Agatha','Bednarczuk','Brazil','Curitiba, Brazil','22-JUN-1983');
INSERT INTO PARTICIPANT(participant_id, fname, lname, nationality, birth_place, dob) values(SEQ_PARTICIPANT.NEXTVAL, 'Barbara','Seixas de Freitas','Brazil','Rio de Janeiro, Brazil','08-MAR-1987');

INSERT INTO PARTICIPANT(participant_id, fname, lname, nationality, birth_place, dob) values(SEQ_PARTICIPANT.NEXTVAL, 'Tibor','Benedek','Hungary','Budapest, Hungary','12-JUL-1972');
INSERT INTO PARTICIPANT(participant_id, fname, lname, nationality, birth_place, dob) values(SEQ_PARTICIPANT.NEXTVAL, 'Rajmund','Fodor','Hungary','Szeged, Hungary','21-FEB-1976');
INSERT INTO PARTICIPANT(participant_id, fname, lname, nationality, birth_place, dob) values(SEQ_PARTICIPANT.NEXTVAL, 'Norbert','Madaras','Hungary','Eger, Hungary','01-DEC-1979');
INSERT INTO PARTICIPANT(participant_id, fname, lname, nationality, birth_place, dob) values(SEQ_PARTICIPANT.NEXTVAL, 'Tamas','Kasas','Hungary','Budapest, Hungary','20-JUL-1976');
INSERT INTO PARTICIPANT(participant_id, fname, lname, nationality, birth_place, dob) values(SEQ_PARTICIPANT.NEXTVAL, 'Tamas','Molnar','Hungary','Szeged, Hungary','02-AUG-1975');
INSERT INTO PARTICIPANT(participant_id, fname, lname, nationality, birth_place, dob) values(SEQ_PARTICIPANT.NEXTVAL, 'Adam','Steinmetz','Hungary','Budapest, Hungary','11-AUG-1980');
INSERT INTO PARTICIPANT(participant_id, fname, lname, nationality, birth_place, dob) values(SEQ_PARTICIPANT.NEXTVAL, 'Zoltan','Szucsi','Hungary','Budapest, Hungary','22-DEC-1977');
INSERT INTO PARTICIPANT(participant_id, fname, lname, nationality, birth_place, dob) values(SEQ_PARTICIPANT.NEXTVAL, 'Aleksandar','Ciric','Serbia','Belgrade, Serbia','30-DEC-1977');
INSERT INTO PARTICIPANT(participant_id, fname, lname, nationality, birth_place, dob) values(SEQ_PARTICIPANT.NEXTVAL, 'Vladimir','Gojkovic','Montenegro','Kotor, Montenegro','29-JAN-1981');
INSERT INTO PARTICIPANT(participant_id, fname, lname, nationality, birth_place, dob) values(SEQ_PARTICIPANT.NEXTVAL, 'Predrag','Jokic','Montenegro','Kotor, Montenegro','03-FEB-1983');
INSERT INTO PARTICIPANT(participant_id, fname, lname, nationality, birth_place, dob) values(SEQ_PARTICIPANT.NEXTVAL, 'Slobodan','Nikic','Serbia','Zrenjanin, Serbia','25-JAN-1983');
INSERT INTO PARTICIPANT(participant_id, fname, lname, nationality, birth_place, dob) values(SEQ_PARTICIPANT.NEXTVAL, 'Dejan','Savic','Serbia','Belgrade, Serbia','24-APR-1975');
INSERT INTO PARTICIPANT(participant_id, fname, lname, nationality, birth_place, dob) values(SEQ_PARTICIPANT.NEXTVAL, 'Denis','Sefik','Serbia','Belgrade, Serbia','20-SEP-1976');
INSERT INTO PARTICIPANT(participant_id, fname, lname, nationality, birth_place, dob) values(SEQ_PARTICIPANT.NEXTVAL, 'Vanja','Udovicic','Serbia','Belgrade, Serbia','12-SEP-1982');
INSERT INTO PARTICIPANT(participant_id, fname, lname, nationality, birth_place, dob) values(SEQ_PARTICIPANT.NEXTVAL, 'Nikolay','Kozlov','Russia','Shcherbinka, Russia','21-JUL-1972');
INSERT INTO PARTICIPANT(participant_id, fname, lname, nationality, birth_place, dob) values(SEQ_PARTICIPANT.NEXTVAL, 'Nikolay','Maksimov','Russia','Moscow, Russia','15-NOV-1972');
INSERT INTO PARTICIPANT(participant_id, fname, lname, nationality, birth_place, dob) values(SEQ_PARTICIPANT.NEXTVAL, 'Andrey','Rekechinsky','Russia','Volgograd, Russia','07-JAN-1981');
INSERT INTO PARTICIPANT(participant_id, fname, lname, nationality, birth_place, dob) values(SEQ_PARTICIPANT.NEXTVAL, 'Aleksandr','Yeryshov','Russia','Tuapse, Russia','17-JAN-1973');
INSERT INTO PARTICIPANT(participant_id, fname, lname, nationality, birth_place, dob) values(SEQ_PARTICIPANT.NEXTVAL, 'Marat','Zakirov','Russia','Nizhnekamsk, Russia','08-NOV-1973');
INSERT INTO PARTICIPANT(participant_id, fname, lname, nationality, birth_place, dob) values(SEQ_PARTICIPANT.NEXTVAL, 'Irek','Zinnurov','Russia','Yakutsk, Russia','11-JAN-1969');
INSERT INTO PARTICIPANT(participant_id, fname, lname, nationality, birth_place, dob) values(SEQ_PARTICIPANT.NEXTVAL, 'Roman','Balashov','Russia','Moscow, Russia','09-FEB-1977');
INSERT INTO PARTICIPANT(participant_id, fname, lname, nationality, birth_place, dob) values(SEQ_PARTICIPANT.NEXTVAL, 'Georgios','Afroudakis','Greece','Athens, Greece','17-OCT-1976');
INSERT INTO PARTICIPANT(participant_id, fname, lname, nationality, birth_place, dob) values(SEQ_PARTICIPANT.NEXTVAL, 'Khristos','Afroudakis','Greece','Athens, Greece','23-MAY-1984');
INSERT INTO PARTICIPANT(participant_id, fname, lname, nationality, birth_place, dob) values(SEQ_PARTICIPANT.NEXTVAL, 'Nikolaos','Deligiannis','Greece','Athens, Greece','02-SEP-1976');
INSERT INTO PARTICIPANT(participant_id, fname, lname, nationality, birth_place, dob) values(SEQ_PARTICIPANT.NEXTVAL, 'Theodoros','Khatzitheodorou','Greece','Athens, Greece','01-OCT-1976');
INSERT INTO PARTICIPANT(participant_id, fname, lname, nationality, birth_place, dob) values(SEQ_PARTICIPANT.NEXTVAL, 'Dimitrios','Mazis','Greece','Patra, Greece','05-SEP-1976');
INSERT INTO PARTICIPANT(participant_id, fname, lname, nationality, birth_place, dob) values(SEQ_PARTICIPANT.NEXTVAL, 'Georgios','Reppas','Greece','Athens, Greece','11-DEC-1974');
INSERT INTO PARTICIPANT(participant_id, fname, lname, nationality, birth_place, dob) values(SEQ_PARTICIPANT.NEXTVAL, 'Anastasios','Skhizas','Greece','Athens, Greece','18-FEB-1977');

INSERT INTO PARTICIPANT(participant_id, fname, lname, nationality, birth_place, dob) values(SEQ_PARTICIPANT.NEXTVAL, 'Peter','Biros','Hungary','Miskolc, Hungary','05-APR-1976');
INSERT INTO PARTICIPANT(participant_id, fname, lname, nationality, birth_place, dob) values(SEQ_PARTICIPANT.NEXTVAL, 'Norbert','Hosnyanszky','Hungary','Budapest, Hungary','04-MAR-1984');
INSERT INTO PARTICIPANT(participant_id, fname, lname, nationality, birth_place, dob) values(SEQ_PARTICIPANT.NEXTVAL, 'Ryan','Bailey','United States','Long Beach, United States','28-AUG-1975');
INSERT INTO PARTICIPANT(participant_id, fname, lname, nationality, birth_place, dob) values(SEQ_PARTICIPANT.NEXTVAL, 'Layne','Beaubien','United States','Coronado, United States','04-JUL-1976');
INSERT INTO PARTICIPANT(participant_id, fname, lname, nationality, birth_place, dob) values(SEQ_PARTICIPANT.NEXTVAL, 'Brandon','Brooks','United States','Honolulu, United States','29-APR-1981');
INSERT INTO PARTICIPANT(participant_id, fname, lname, nationality, birth_place, dob) values(SEQ_PARTICIPANT.NEXTVAL, 'Peter','Hudnut','United States','Washington DC, United States','16-FEB-1980');
INSERT INTO PARTICIPANT(participant_id, fname, lname, nationality, birth_place, dob) values(SEQ_PARTICIPANT.NEXTVAL, 'Tim','Hutten','United States','Los Alamitos, United States','04-JUN-1985');
INSERT INTO PARTICIPANT(participant_id, fname, lname, nationality, birth_place, dob) values(SEQ_PARTICIPANT.NEXTVAL, 'Rick','Merlo','United States','Fresno, United States','05-AUG-1982');
INSERT INTO PARTICIPANT(participant_id, fname, lname, nationality, birth_place, dob) values(SEQ_PARTICIPANT.NEXTVAL, 'Merrill','Moses','United States','Harbor City, United States','13-AUG-1977');
INSERT INTO PARTICIPANT(participant_id, fname, lname, nationality, birth_place, dob) values(SEQ_PARTICIPANT.NEXTVAL, 'Filip','Filipovic','Serbia','Belgrade, Serbia','02-MAY-1987');
INSERT INTO PARTICIPANT(participant_id, fname, lname, nationality, birth_place, dob) values(SEQ_PARTICIPANT.NEXTVAL, 'Branko','Pekovic','Serbia','Belgrade, Serbia','07-MAY-1979');
INSERT INTO PARTICIPANT(participant_id, fname, lname, nationality, birth_place, dob) values(SEQ_PARTICIPANT.NEXTVAL, 'Slobodan','Soro','Serbia','Novi Sad, Serbia','23-DEC-1978');
INSERT INTO PARTICIPANT(participant_id, fname, lname, nationality, birth_place, dob) values(SEQ_PARTICIPANT.NEXTVAL, 'Drasko','Brguljan','Montenegro','Kotor, Montenegro','27-DEC-1984');
INSERT INTO PARTICIPANT(participant_id, fname, lname, nationality, birth_place, dob) values(SEQ_PARTICIPANT.NEXTVAL, 'Aleksandar','Ivovic','Montenegro','Baosici, Montenegro','24-FEB-1986');
INSERT INTO PARTICIPANT(participant_id, fname, lname, nationality, birth_place, dob) values(SEQ_PARTICIPANT.NEXTVAL, 'Nikola','Janovic','Montenegro','Kotor, Montenegro','22-MAR-1980');
INSERT INTO PARTICIPANT(participant_id, fname, lname, nationality, birth_place, dob) values(SEQ_PARTICIPANT.NEXTVAL, 'Vjekoslav','Paskovic','Montenegro','Tivat, Montenegro','23-MAR-1985');
INSERT INTO PARTICIPANT(participant_id, fname, lname, nationality, birth_place, dob) values(SEQ_PARTICIPANT.NEXTVAL, 'Zdravko','Radic','Montenegro','Kotor, Montenegro','24-JUN-1979');

INSERT INTO PARTICIPANT(participant_id, fname, lname, nationality, birth_place, dob) values(SEQ_PARTICIPANT.NEXTVAL, 'Josip','Pavic','Croatia','Split, Croatia','15-JAN-1982');
INSERT INTO PARTICIPANT(participant_id, fname, lname, nationality, birth_place, dob) values(SEQ_PARTICIPANT.NEXTVAL, 'Damir','Buric','Croatia','Pula, Croatia','02-DEC-1980');
INSERT INTO PARTICIPANT(participant_id, fname, lname, nationality, birth_place, dob) values(SEQ_PARTICIPANT.NEXTVAL, 'Maro','Jokovic','Croatia','Dubrovnik, Croatia','01-OCT-1987');
INSERT INTO PARTICIPANT(participant_id, fname, lname, nationality, birth_place, dob) values(SEQ_PARTICIPANT.NEXTVAL, 'Andro','Buslje','Croatia','Dubrovnik, Croatia','04-JAN-1986');
INSERT INTO PARTICIPANT(participant_id, fname, lname, nationality, birth_place, dob) values(SEQ_PARTICIPANT.NEXTVAL, 'Sandro','Sukno','Croatia','Dubrovnik, Croatia','30-JUN-1990');
INSERT INTO PARTICIPANT(participant_id, fname, lname, nationality, birth_place, dob) values(SEQ_PARTICIPANT.NEXTVAL, 'Samir','Barac','Croatia','Rijeka, Croatia','02-NOV-1973');
INSERT INTO PARTICIPANT(participant_id, fname, lname, nationality, birth_place, dob) values(SEQ_PARTICIPANT.NEXTVAL, 'Igor','Hinic','Croatia','Rijeka, Croatia','04-DEC-1975');
INSERT INTO PARTICIPANT(participant_id, fname, lname, nationality, birth_place, dob) values(SEQ_PARTICIPANT.NEXTVAL, 'Stefano','Tempesti','Italy','Prato, Italy','09-JUN-1979');
INSERT INTO PARTICIPANT(participant_id, fname, lname, nationality, birth_place, dob) values(SEQ_PARTICIPANT.NEXTVAL, 'Niccolo','Gitto','Italy','Roma, Italy','12-OCT-1986');
INSERT INTO PARTICIPANT(participant_id, fname, lname, nationality, birth_place, dob) values(SEQ_PARTICIPANT.NEXTVAL, 'Maurizio','Felugo','Italy','Rapallo, Italy','04-MAR-1981');
INSERT INTO PARTICIPANT(participant_id, fname, lname, nationality, birth_place, dob) values(SEQ_PARTICIPANT.NEXTVAL, 'Massimo','Giacoppo','Italy','Messina, Italy','10-MAY-1983');
INSERT INTO PARTICIPANT(participant_id, fname, lname, nationality, birth_place, dob) values(SEQ_PARTICIPANT.NEXTVAL, 'Valentino','Gallo','Italy','Siracusa, Italy','17-JUL-1985');
INSERT INTO PARTICIPANT(participant_id, fname, lname, nationality, birth_place, dob) values(SEQ_PARTICIPANT.NEXTVAL, 'Christian','Presciutti','Italy','Venezia, Italy','27-NOV-1982');
INSERT INTO PARTICIPANT(participant_id, fname, lname, nationality, birth_place, dob) values(SEQ_PARTICIPANT.NEXTVAL, 'Matteo','Aicardi','Italy','Finale Ligure, Italy','19-APR-1986');
INSERT INTO PARTICIPANT(participant_id, fname, lname, nationality, birth_place, dob) values(SEQ_PARTICIPANT.NEXTVAL, 'Milan','Aleksic','Serbia','Belgrade, Serbia','13-MAY-1986');
INSERT INTO PARTICIPANT(participant_id, fname, lname, nationality, birth_place, dob) values(SEQ_PARTICIPANT.NEXTVAL, 'Stefan','Mitrovic','Serbia','Belgrade, Serbia','29-MAR-1988');
INSERT INTO PARTICIPANT(participant_id, fname, lname, nationality, birth_place, dob) values(SEQ_PARTICIPANT.NEXTVAL, 'Gojko','Pijetlovic','Serbia','Novi Sad, Serbia','07-AUG-1983');

INSERT INTO PARTICIPANT(participant_id, fname, lname, nationality, birth_place, dob) values(SEQ_PARTICIPANT.NEXTVAL, 'Branislav','Mitrovic','Serbia','Novi Sad, Serbia','30-JAN-1985');
INSERT INTO PARTICIPANT(participant_id, fname, lname, nationality, birth_place, dob) values(SEQ_PARTICIPANT.NEXTVAL, 'Nikola','Jaksic','Serbia','Belgrade, Serbia','17-JAN-1997');
INSERT INTO PARTICIPANT(participant_id, fname, lname, nationality, birth_place, dob) values(SEQ_PARTICIPANT.NEXTVAL, 'Antonio','Petkovic','Croatia','Sibenik, Croatia','11-JAN-1986');
INSERT INTO PARTICIPANT(participant_id, fname, lname, nationality, birth_place, dob) values(SEQ_PARTICIPANT.NEXTVAL, 'Marko','Macan','Croatia','Dubrovnik, Croatia','26-APR-1993');
INSERT INTO PARTICIPANT(participant_id, fname, lname, nationality, birth_place, dob) values(SEQ_PARTICIPANT.NEXTVAL, 'Andrea','Fondelli','Italy','Genoa, Italy','27-FEB-1994');
INSERT INTO PARTICIPANT(participant_id, fname, lname, nationality, birth_place, dob) values(SEQ_PARTICIPANT.NEXTVAL, 'Alessandro','Velotto','Italy','Napoli, Italy','12-FEB-1995');
INSERT INTO PARTICIPANT(participant_id, fname, lname, nationality, birth_place, dob) values(SEQ_PARTICIPANT.NEXTVAL, 'Antonio','Petrovic','Montenegro','Kotor, Montenegro','24-SEP-1982');
INSERT INTO PARTICIPANT(participant_id, fname, lname, nationality, birth_place, dob) values(SEQ_PARTICIPANT.NEXTVAL, 'Darko','Brguljan','Montenegro','Kotor, Montenegro','05-NOV-1990');

INSERT INTO PARTICIPANT(participant_id, fname, lname, nationality, birth_place, dob) values(SEQ_PARTICIPANT.NEXTVAL, 'Marco','Galiazzo','Italy','Padova, Italy','07-MAY-1983');
INSERT INTO PARTICIPANT(participant_id, fname, lname, nationality, birth_place, dob) values(SEQ_PARTICIPANT.NEXTVAL, 'Hiroshi','Yamamoto','Japan','Yokohama, Japan','31-OCT-1962');
INSERT INTO PARTICIPANT(participant_id, fname, lname, nationality, birth_place, dob) values(SEQ_PARTICIPANT.NEXTVAL, 'Tim','Cuddihy','Australia','Toowoomba, Australia','21-MAY-1987');
INSERT INTO PARTICIPANT(participant_id, fname, lname, nationality, birth_place, dob) values(SEQ_PARTICIPANT.NEXTVAL, 'Larry','Godfrey','Great Britain','Bristol, Great Britain','09-JUN-1976');
INSERT INTO PARTICIPANT(participant_id, fname, lname, nationality, birth_place, dob) values(SEQ_PARTICIPANT.NEXTVAL, 'Viktor','Ruban','Ukraine','Kharkiv, Ukraine','24-MAY-1981');
INSERT INTO PARTICIPANT(participant_id, fname, lname, nationality, birth_place, dob) values(SEQ_PARTICIPANT.NEXTVAL, 'Gyeong-Mo','Park','South Korea','Okcheon, South Korea','15-AUG-1975');
INSERT INTO PARTICIPANT(participant_id, fname, lname, nationality, birth_place, dob) values(SEQ_PARTICIPANT.NEXTVAL, 'Bair','Badyonov','Russia','Zugalay, Russia','28-JUN-1976');
INSERT INTO PARTICIPANT(participant_id, fname, lname, nationality, birth_place, dob) values(SEQ_PARTICIPANT.NEXTVAL, 'Juan','Serrano','Mexico','Guadalajara, Mexico','23-FEB-1984');
INSERT INTO PARTICIPANT(participant_id, fname, lname, nationality, birth_place, dob) values(SEQ_PARTICIPANT.NEXTVAL, 'Oh','Jin-Hyek','South Korea','Yeonmu, South Korea','15-AUG-1981');
INSERT INTO PARTICIPANT(participant_id, fname, lname, nationality, birth_place, dob) values(SEQ_PARTICIPANT.NEXTVAL, 'Takaharu','Furukawa','Japan','Aomori, Japan','09-AUG-1984');
INSERT INTO PARTICIPANT(participant_id, fname, lname, nationality, birth_place, dob) values(SEQ_PARTICIPANT.NEXTVAL, 'Dai','Xiaoxiang','China','Xiamen, China','15-DEC-1990');
INSERT INTO PARTICIPANT(participant_id, fname, lname, nationality, birth_place, dob) values(SEQ_PARTICIPANT.NEXTVAL, 'Rick','Van der Ven','Netherlands','Oss, Netherlands','14-APR-1991');
INSERT INTO PARTICIPANT(participant_id, fname, lname, nationality, birth_place, dob) values(SEQ_PARTICIPANT.NEXTVAL, 'Ku','Bon-Chan','South Korea','Gyeongju, South Korea','31-JAN-1993');
INSERT INTO PARTICIPANT(participant_id, fname, lname, nationality, birth_place, dob) values(SEQ_PARTICIPANT.NEXTVAL, 'Jean-Charles','Valladont','France','Besancon, France','20-MAR-1989');
INSERT INTO PARTICIPANT(participant_id, fname, lname, nationality, birth_place, dob) values(SEQ_PARTICIPANT.NEXTVAL, 'Brady','Ellison','United States','Glendale, United States','27-OCT-1988');
INSERT INTO PARTICIPANT(participant_id, fname, lname, nationality, birth_place, dob) values(SEQ_PARTICIPANT.NEXTVAL, 'Sjef','Van den Berg','Netherlands','Heeswijk-Dinther, Netherlands','14-APR-1995');

INSERT INTO PARTICIPANT(participant_id, fname, lname, nationality, birth_place, dob) values(SEQ_PARTICIPANT.NEXTVAL, 'Yu','Seung-Min','South Korea','Kae-Bong Pong, South Korea','05-AUG-1982');
INSERT INTO PARTICIPANT(participant_id, fname, lname, nationality, birth_place, dob) values(SEQ_PARTICIPANT.NEXTVAL, 'Wang','Hao','China','Changchun, China','15-DEC-1983');
INSERT INTO PARTICIPANT(participant_id, fname, lname, nationality, birth_place, dob) values(SEQ_PARTICIPANT.NEXTVAL, 'Wang','Liqin','China','Shanghai, China','18-JUN-1978');
INSERT INTO PARTICIPANT(participant_id, fname, lname, nationality, birth_place, dob) values(SEQ_PARTICIPANT.NEXTVAL, 'Jan-Ove','Waldner','Sweden','Stockholm, Sweden','03-OCT-1965');
INSERT INTO PARTICIPANT(participant_id, fname, lname, nationality, birth_place, dob) values(SEQ_PARTICIPANT.NEXTVAL, 'Ma','Lin','China','Shenyang, China','19-FEB-1980');
INSERT INTO PARTICIPANT(participant_id, fname, lname, nationality, birth_place, dob) values(SEQ_PARTICIPANT.NEXTVAL, 'Jorgen','Persson','Sweden','Halmstad, Sweden','22-APR-1966');
INSERT INTO PARTICIPANT(participant_id, fname, lname, nationality, birth_place, dob) values(SEQ_PARTICIPANT.NEXTVAL, 'Zhang','Jike','China','Binzhou, China','16-FEB-1988');
INSERT INTO PARTICIPANT(participant_id, fname, lname, nationality, birth_place, dob) values(SEQ_PARTICIPANT.NEXTVAL, 'Dimitrij','Ovtcharov','Germany','Kyiv, Ukraine','02-SEP-1988');
INSERT INTO PARTICIPANT(participant_id, fname, lname, nationality, birth_place, dob) values(SEQ_PARTICIPANT.NEXTVAL, 'Chuang','Chih-Yuan','Chinese Taipei','Kaohsiung City, China Taipei','02-APR-1981');
INSERT INTO PARTICIPANT(participant_id, fname, lname, nationality, birth_place, dob) values(SEQ_PARTICIPANT.NEXTVAL, 'Vladimir','Samsonov','Belarus','Minsk, Belarus','17-APR-1976');

INSERT INTO PARTICIPANT(participant_id, fname, lname, nationality, birth_place, dob) values(SEQ_PARTICIPANT.NEXTVAL, 'Valentina','Vezzali','Italy','Jesi, Italy','14-FEB-1974');
INSERT INTO PARTICIPANT(participant_id, fname, lname, nationality, birth_place, dob) values(SEQ_PARTICIPANT.NEXTVAL, 'Giovanna','Trillini','Italy','Jesi, Italy','17-MAY-1970');
INSERT INTO PARTICIPANT(participant_id, fname, lname, nationality, birth_place, dob) values(SEQ_PARTICIPANT.NEXTVAL, 'Sylwia','Gruchala','Poland','Gdansk, Poland','06-NOV-1981');
INSERT INTO PARTICIPANT(participant_id, fname, lname, nationality, birth_place, dob) values(SEQ_PARTICIPANT.NEXTVAL, 'Aida','Mohamad','Hungary','Budapest, Hungary','12-MAR-1976');
INSERT INTO PARTICIPANT(participant_id, fname, lname, nationality, birth_place, dob) values(SEQ_PARTICIPANT.NEXTVAL, 'Nam','Hyeon-Hui','South Korea','Seongnam, South Korea','29-SEP-1981');
INSERT INTO PARTICIPANT(participant_id, fname, lname, nationality, birth_place, dob) values(SEQ_PARTICIPANT.NEXTVAL, 'Margherita','Granbassi','Italy','Trieste, Italy','01-SEP-1979');
INSERT INTO PARTICIPANT(participant_id, fname, lname, nationality, birth_place, dob) values(SEQ_PARTICIPANT.NEXTVAL, 'Elisa','Di Francisca','Italy','Jesi, Italy','13-DEC-1982');
INSERT INTO PARTICIPANT(participant_id, fname, lname, nationality, birth_place, dob) values(SEQ_PARTICIPANT.NEXTVAL, 'Arianna','Errigo','Italy','Monza, Italy','06-JUN-1988');
INSERT INTO PARTICIPANT(participant_id, fname, lname, nationality, birth_place, dob) values(SEQ_PARTICIPANT.NEXTVAL, 'Inna','Deriglazova','Russia','Kurchatov, Russia','10-MAR-1990');
INSERT INTO PARTICIPANT(participant_id, fname, lname, nationality, birth_place, dob) values(SEQ_PARTICIPANT.NEXTVAL, 'Ines','Boubakri','Tunisia','Tunis, Tunisia','28-DEC-1988');
INSERT INTO PARTICIPANT(participant_id, fname, lname, nationality, birth_place, dob) values(SEQ_PARTICIPANT.NEXTVAL, 'Aida','Shanayeva','Russia','Vladikavkaz, Russia','23-APR-1986');

INSERT INTO PARTICIPANT(participant_id, fname, lname, nationality, birth_place, dob) values(SEQ_PARTICIPANT.NEXTVAL, 'Ruben','Magnano','Argentina','Villa Maria, Argentina','09-OCT-1954');
INSERT INTO PARTICIPANT(participant_id, fname, lname, nationality, birth_place, dob) values(SEQ_PARTICIPANT.NEXTVAL, 'Carlo','Recalcati','Italy','Milan, Italy','11-SEP-1945');
INSERT INTO PARTICIPANT(participant_id, fname, lname, nationality, birth_place, dob) values(SEQ_PARTICIPANT.NEXTVAL, 'Larry','Brown','United States','Brooklyn, United States','14-SEP-1940');
INSERT INTO PARTICIPANT(participant_id, fname, lname, nationality, birth_place, dob) values(SEQ_PARTICIPANT.NEXTVAL, 'Antanas','Sireika','Lithuania','Vilnius, Lithuania','11-MAY-1956');
INSERT INTO PARTICIPANT(participant_id, fname, lname, nationality, birth_place, dob) values(SEQ_PARTICIPANT.NEXTVAL, 'Panagiotis','Giannakis','Greece','Nikaia, Greece','01-JAN-1959');
INSERT INTO PARTICIPANT(participant_id, fname, lname, nationality, birth_place, dob) values(SEQ_PARTICIPANT.NEXTVAL, 'Julio','Toro','Puerto Rico','Santurce, Puerto Rico','05-NOV-1943');
INSERT INTO PARTICIPANT(participant_id, fname, lname, nationality, birth_place, dob) values(SEQ_PARTICIPANT.NEXTVAL, 'Mario','Pesquera','Spain','Barcelona, Spain','12-AUG-1951');
INSERT INTO PARTICIPANT(participant_id, fname, lname, nationality, birth_place, dob) values(SEQ_PARTICIPANT.NEXTVAL, 'Del','Harris','United States','Chicago, United States','18-JUN-1937');
INSERT INTO PARTICIPANT(participant_id, fname, lname, nationality, birth_place, dob) values(SEQ_PARTICIPANT.NEXTVAL, 'Mike','Krzyzewski','United States','Chicago, United States','13-FEB-1947');
INSERT INTO PARTICIPANT(participant_id, fname, lname, nationality, birth_place, dob) values(SEQ_PARTICIPANT.NEXTVAL, 'Aito','Garcia','Spain','Madrid, Spain','20-DEC-1946');
INSERT INTO PARTICIPANT(participant_id, fname, lname, nationality, birth_place, dob) values(SEQ_PARTICIPANT.NEXTVAL, 'Sergio','Hernandez','Argentina','Bahia Blanca, Argentina','01-NOV-1963');
INSERT INTO PARTICIPANT(participant_id, fname, lname, nationality, birth_place, dob) values(SEQ_PARTICIPANT.NEXTVAL, 'Ramunas','Butautas','Lithuania','Kaunas, Lithuania','22-MAY-1964');
INSERT INTO PARTICIPANT(participant_id, fname, lname, nationality, birth_place, dob) values(SEQ_PARTICIPANT.NEXTVAL, 'Jasmin','Repesa','Croatia','Caplijina, Croatia','01-JUN-1961');
INSERT INTO PARTICIPANT(participant_id, fname, lname, nationality, birth_place, dob) values(SEQ_PARTICIPANT.NEXTVAL, 'Brian','Goorjian','Australia','Melbourne, Australia','28-JUL-1953');
INSERT INTO PARTICIPANT(participant_id, fname, lname, nationality, birth_place, dob) values(SEQ_PARTICIPANT.NEXTVAL, 'Jonas','Kazlauskas','Lithuania','Kaunas, Lithuania','21-NOV-1954');
INSERT INTO PARTICIPANT(participant_id, fname, lname, nationality, birth_place, dob) values(SEQ_PARTICIPANT.NEXTVAL, 'Sergio','Scariolo','Italy','Brescia, Italy','01-APR-1961');
INSERT INTO PARTICIPANT(participant_id, fname, lname, nationality, birth_place, dob) values(SEQ_PARTICIPANT.NEXTVAL, 'David','Blatt','United States','Boston, United States','22-MAY-1959');
INSERT INTO PARTICIPANT(participant_id, fname, lname, nationality, birth_place, dob) values(SEQ_PARTICIPANT.NEXTVAL, 'Julio','Lamas','Argentina','Buenos Aires, Argentina','09-JUN-1964');
INSERT INTO PARTICIPANT(participant_id, fname, lname, nationality, birth_place, dob) values(SEQ_PARTICIPANT.NEXTVAL, 'Ruben','Magnano','Argentina','Villa Maria, Argentina','09-OCT-1954');
INSERT INTO PARTICIPANT(participant_id, fname, lname, nationality, birth_place, dob) values(SEQ_PARTICIPANT.NEXTVAL, 'Vincent','Collet','France','Sainte-Adresse, France','06-JUN-1963');
INSERT INTO PARTICIPANT(participant_id, fname, lname, nationality, birth_place, dob) values(SEQ_PARTICIPANT.NEXTVAL, 'Brett','Brown','United States','South Portland, United States','16-FEB-1961');
INSERT INTO PARTICIPANT(participant_id, fname, lname, nationality, birth_place, dob) values(SEQ_PARTICIPANT.NEXTVAL, 'Kestutis','Kemzura','Lithuania','Kaunas, Lithuania','20-APR-1970');
INSERT INTO PARTICIPANT(participant_id, fname, lname, nationality, birth_place, dob) values(SEQ_PARTICIPANT.NEXTVAL, 'Aleksandar','Dordevic','Serbia','Belgrade, Serbia','26-AUG-1967');
INSERT INTO PARTICIPANT(participant_id, fname, lname, nationality, birth_place, dob) values(SEQ_PARTICIPANT.NEXTVAL, 'Andrej','Lemanis','Australia','Melbourne, Australia','18-MAR-1969');
INSERT INTO PARTICIPANT(participant_id, fname, lname, nationality, birth_place, dob) values(SEQ_PARTICIPANT.NEXTVAL, 'Aleksandar','Petrovic','Croatia','Sibenik, Croatia','16-FEB-1959');
INSERT INTO PARTICIPANT(participant_id, fname, lname, nationality, birth_place, dob) values(SEQ_PARTICIPANT.NEXTVAL, 'Toshi','Yoshida','Japan','Tokyo, Japan','18-MAR-1961');
INSERT INTO PARTICIPANT(participant_id, fname, lname, nationality, birth_place, dob) values(SEQ_PARTICIPANT.NEXTVAL, 'Jose','Guimaraes','Brazil','Quintana, Brazil','31-JUL-1954');
INSERT INTO PARTICIPANT(participant_id, fname, lname, nationality, birth_place, dob) values(SEQ_PARTICIPANT.NEXTVAL, 'Broden','Kelly','Australia','Melbourne, Australia','17-NOV-1958');
INSERT INTO PARTICIPANT(participant_id, fname, lname, nationality, birth_place, dob) values(SEQ_PARTICIPANT.NEXTVAL, 'Hugh','McCutcheon','United States','Peoria, United States','13-OCT-1969');
INSERT INTO PARTICIPANT(participant_id, fname, lname, nationality, birth_place, dob) values(SEQ_PARTICIPANT.NEXTVAL, 'Lang','Ping','China','Tianjin, China','10-DEC-1960');
INSERT INTO PARTICIPANT(participant_id, fname, lname, nationality, birth_place, dob) values(SEQ_PARTICIPANT.NEXTVAL, 'Phil','Dalhausser','Switzerland','Baden, Switzerland','26-JAN-1980');
INSERT INTO PARTICIPANT(participant_id, fname, lname, nationality, birth_place, dob) values(SEQ_PARTICIPANT.NEXTVAL, 'Denes','Kemeny','Hungary','Budapest, Hungary','14-JUN-1954');
INSERT INTO PARTICIPANT(participant_id, fname, lname, nationality, birth_place, dob) values(SEQ_PARTICIPANT.NEXTVAL, 'Nenad','Manojlovic','Serbia','Belgrade, Serbia','25-MAR-1954');
INSERT INTO PARTICIPANT(participant_id, fname, lname, nationality, birth_place, dob) values(SEQ_PARTICIPANT.NEXTVAL, 'Aleksandr','Kabanov','Russia','Moscow, Russia','11-JUN-1948');
INSERT INTO PARTICIPANT(participant_id, fname, lname, nationality, birth_place, dob) values(SEQ_PARTICIPANT.NEXTVAL, 'Alessandro','Campagna','Italy','Siracusa, Italy','26-JUN-1963');
INSERT INTO PARTICIPANT(participant_id, fname, lname, nationality, birth_place, dob) values(SEQ_PARTICIPANT.NEXTVAL, 'Alex','Rodriguez','United States','Los Angeles, United States','19-OCT-1966');
INSERT INTO PARTICIPANT(participant_id, fname, lname, nationality, birth_place, dob) values(SEQ_PARTICIPANT.NEXTVAL, 'Dejan','Udovicic','Serbia','Belgrade, Serbia','27-JUL-1970');
INSERT INTO PARTICIPANT(participant_id, fname, lname, nationality, birth_place, dob) values(SEQ_PARTICIPANT.NEXTVAL, 'Vladimir','Gojkovic','Montenegro','Kotor, Montenegro','29-JAN-1981');
INSERT INTO PARTICIPANT(participant_id, fname, lname, nationality, birth_place, dob) values(SEQ_PARTICIPANT.NEXTVAL, 'Ivica','Tucak','Croatia','Sibenik, Croatia','08-FEB-1970');
INSERT INTO PARTICIPANT(participant_id, fname, lname, nationality, birth_place, dob) values(SEQ_PARTICIPANT.NEXTVAL, 'Giussepe','Mariano','Italy','Milan, Italy','04-DEC-1961');
INSERT INTO PARTICIPANT(participant_id, fname, lname, nationality, birth_place, dob) values(SEQ_PARTICIPANT.NEXTVAL, 'Masaharu','Morimoto','Japan','Kyoto, Japan','06-JUL-1959');
INSERT INTO PARTICIPANT(participant_id, fname, lname, nationality, birth_place, dob) values(SEQ_PARTICIPANT.NEXTVAL, 'Mark','Bonnano','Australia','Perth, Australia','21-JAN-1959');
INSERT INTO PARTICIPANT(participant_id, fname, lname, nationality, birth_place, dob) values(SEQ_PARTICIPANT.NEXTVAL, 'Tim','Williamson','Great Britain','London, Great Britain','15-APR-1960');
INSERT INTO PARTICIPANT(participant_id, fname, lname, nationality, birth_place, dob) values(SEQ_PARTICIPANT.NEXTVAL, 'Vladimir','Ralov','Ukraine','Lviv, Uktraine','19-JUN-1964');
INSERT INTO PARTICIPANT(participant_id, fname, lname, nationality, birth_place, dob) values(SEQ_PARTICIPANT.NEXTVAL, 'Seon','Park','South Korea','Busan, South Korea','01-OCT-1969');
INSERT INTO PARTICIPANT(participant_id, fname, lname, nationality, birth_place, dob) values(SEQ_PARTICIPANT.NEXTVAL, 'Yaroslav','Petrov','Russia','Kazan, Russia','10-SEP-1963');
INSERT INTO PARTICIPANT(participant_id, fname, lname, nationality, birth_place, dob) values(SEQ_PARTICIPANT.NEXTVAL, 'Alan','Ramirez','Mexico','Mazatlan, Mexico','03-FEB-1960');
INSERT INTO PARTICIPANT(participant_id, fname, lname, nationality, birth_place, dob) values(SEQ_PARTICIPANT.NEXTVAL, 'Yong','Wei','China','Shanghai, China','06-AUG-1971');
INSERT INTO PARTICIPANT(participant_id, fname, lname, nationality, birth_place, dob) values(SEQ_PARTICIPANT.NEXTVAL, 'Will','Jansen','Netherlands','Utrecht, Netherlands','21-JAN-1972');
INSERT INTO PARTICIPANT(participant_id, fname, lname, nationality, birth_place, dob) values(SEQ_PARTICIPANT.NEXTVAL, 'Pierre','Couture','France','Nantes, France','20-AUG-1970');
INSERT INTO PARTICIPANT(participant_id, fname, lname, nationality, birth_place, dob) values(SEQ_PARTICIPANT.NEXTVAL, 'Bobby','Singer','United States','Sioux Falls, United States','03-MAY-1968');
INSERT INTO PARTICIPANT(participant_id, fname, lname, nationality, birth_place, dob) values(SEQ_PARTICIPANT.NEXTVAL, 'Kim','Yong-kyu','South Korea','Incheon, South Korea','28-SEP-1964');
INSERT INTO PARTICIPANT(participant_id, fname, lname, nationality, birth_place, dob) values(SEQ_PARTICIPANT.NEXTVAL, 'Jin','Yang','China','Shenzhen, China','02-MAR-1966');
INSERT INTO PARTICIPANT(participant_id, fname, lname, nationality, birth_place, dob) values(SEQ_PARTICIPANT.NEXTVAL, 'Lucas','Nilsson','Sweden','Umea, Sweden','05-AUG-1965');
INSERT INTO PARTICIPANT(participant_id, fname, lname, nationality, birth_place, dob) values(SEQ_PARTICIPANT.NEXTVAL, 'Finn','Meyer','Germany','Frankfurt, Germanyy','18-JUN-1971');
INSERT INTO PARTICIPANT(participant_id, fname, lname, nationality, birth_place, dob) values(SEQ_PARTICIPANT.NEXTVAL, 'Guanlin','Huang','Chinese Taipei','Tainan, China Taipei','14-SEP-1973');
INSERT INTO PARTICIPANT(participant_id, fname, lname, nationality, birth_place, dob) values(SEQ_PARTICIPANT.NEXTVAL, 'Akasuki','Takahashi','Japan','Fukuoka, Japan','17-MAR-1974');
INSERT INTO PARTICIPANT(participant_id, fname, lname, nationality, birth_place, dob) values(SEQ_PARTICIPANT.NEXTVAL, 'Arciom','Ivanova','Belarus','Grodno, Belarus','20-APR-1965');
INSERT INTO PARTICIPANT(participant_id, fname, lname, nationality, birth_place, dob) values(SEQ_PARTICIPANT.NEXTVAL, 'Francisco','Rivera','Italy','Verona, Italy','18-APR-1964');
INSERT INTO PARTICIPANT(participant_id, fname, lname, nationality, birth_place, dob) values(SEQ_PARTICIPANT.NEXTVAL, 'Ignaz','Szczok','Poland','Poznan, Poland','12-NOV-1968');
INSERT INTO PARTICIPANT(participant_id, fname, lname, nationality, birth_place, dob) values(SEQ_PARTICIPANT.NEXTVAL, 'Adrienn','Szabo','Hungary','Debrecen, Hungary','08-OCT-1958');
INSERT INTO PARTICIPANT(participant_id, fname, lname, nationality, birth_place, dob) values(SEQ_PARTICIPANT.NEXTVAL, 'Chaewon','Lee','South Korea','Busan, South Korea','06-MAR-1966');
INSERT INTO PARTICIPANT(participant_id, fname, lname, nationality, birth_place, dob) values(SEQ_PARTICIPANT.NEXTVAL, 'Misha','Yahontov','Russia','Kazan, Russia','11-NOV-1967');
INSERT INTO PARTICIPANT(participant_id, fname, lname, nationality, birth_place, dob) values(SEQ_PARTICIPANT.NEXTVAL, 'Danilo','Petrucci','Italy','Milan, Italy','20-NOV-1970');
INSERT INTO PARTICIPANT(participant_id, fname, lname, nationality, birth_place, dob) values(SEQ_PARTICIPANT.NEXTVAL, 'Mariem','Hammami','Tunisia','Tunis, Tunisia','16-AUG-1968');
INSERT INTO PARTICIPANT(participant_id, fname, lname, nationality, birth_place, dob) values(SEQ_PARTICIPANT.NEXTVAL, 'Jun','Mizutami','Japan','Kyoto, Japan','13-APR-1976');
INSERT INTO PARTICIPANT(participant_id, fname, lname, nationality, birth_place, dob) values(SEQ_PARTICIPANT.NEXTVAL, 'Ma','Long','China','Beijing, China','19-SEP-1979');

--insert into TEAM
INSERT INTO TEAM(team_id,olympics_id,team_name,country_id,sport_id,coach_id) values(SEQ_TEAM.NEXTVAL,1,'Argentina Mens Basketball',1,1,242);
INSERT INTO TEAM(team_id,olympics_id,team_name,country_id,sport_id,coach_id) values(SEQ_TEAM.NEXTVAL,1,'Italy Mens Basketball',19,1,243);
INSERT INTO TEAM(team_id,olympics_id,team_name,country_id,sport_id,coach_id) values(SEQ_TEAM.NEXTVAL,1,'United States Mens Basketball',40,1,244);
INSERT INTO TEAM(team_id,olympics_id,team_name,country_id,sport_id,coach_id) values(SEQ_TEAM.NEXTVAL,1,'Lithuania Mens Basketball',21,1,245);
INSERT INTO TEAM(team_id,olympics_id,team_name,country_id,sport_id,coach_id) values(SEQ_TEAM.NEXTVAL,1,'Greeece Mens Basketball',16,1,246);
INSERT INTO TEAM(team_id,olympics_id,team_name,country_id,sport_id,coach_id) values(SEQ_TEAM.NEXTVAL,1,'Puerto Rico Mens Basketball',29,1,247);
INSERT INTO TEAM(team_id,olympics_id,team_name,country_id,sport_id,coach_id) values(SEQ_TEAM.NEXTVAL,1,'Spain Mens Basketball',35,1,248);
INSERT INTO TEAM(team_id,olympics_id,team_name,country_id,sport_id,coach_id) values(SEQ_TEAM.NEXTVAL,1,'China Mens Basketball',7,1,249);
INSERT INTO TEAM(team_id,olympics_id,team_name,country_id,sport_id,coach_id) values(SEQ_TEAM.NEXTVAL,2,'United States Mens Basketball',40,1,250);
INSERT INTO TEAM(team_id,olympics_id,team_name,country_id,sport_id,coach_id) values(SEQ_TEAM.NEXTVAL,2,'Spain Mens Basketball',35,1,251);
INSERT INTO TEAM(team_id,olympics_id,team_name,country_id,sport_id,coach_id) values(SEQ_TEAM.NEXTVAL,2,'Argentina Mens Basketball',1,1,252);
INSERT INTO TEAM(team_id,olympics_id,team_name,country_id,sport_id,coach_id) values(SEQ_TEAM.NEXTVAL,2,'Lithuania Mens Basketball',21,1,253);
INSERT INTO TEAM(team_id,olympics_id,team_name,country_id,sport_id,coach_id) values(SEQ_TEAM.NEXTVAL,2,'Greece Mens Basketball',16,1,246);
INSERT INTO TEAM(team_id,olympics_id,team_name,country_id,sport_id,coach_id) values(SEQ_TEAM.NEXTVAL,2,'Croatia Mens Basketball',9,1,254);
INSERT INTO TEAM(team_id,olympics_id,team_name,country_id,sport_id,coach_id) values(SEQ_TEAM.NEXTVAL,2,'Australia Mens Basketball',2,1,255);
INSERT INTO TEAM(team_id,olympics_id,team_name,country_id,sport_id,coach_id) values(SEQ_TEAM.NEXTVAL,2,'China Mens Basketball',7,1,256);
INSERT INTO TEAM(team_id,olympics_id,team_name,country_id,sport_id,coach_id) values(SEQ_TEAM.NEXTVAL,3,'United States Mens Basketball',40,1,250);
INSERT INTO TEAM(team_id,olympics_id,team_name,country_id,sport_id,coach_id) values(SEQ_TEAM.NEXTVAL,3,'Spain Mens Basketball',35,1,257);
INSERT INTO TEAM(team_id,olympics_id,team_name,country_id,sport_id,coach_id) values(SEQ_TEAM.NEXTVAL,3,'Russia Mens Basketball',31,1,258);
INSERT INTO TEAM(team_id,olympics_id,team_name,country_id,sport_id,coach_id) values(SEQ_TEAM.NEXTVAL,3,'Argentina Mens Basketball',1,1,259);
INSERT INTO TEAM(team_id,olympics_id,team_name,country_id,sport_id,coach_id) values(SEQ_TEAM.NEXTVAL,3,'Brazil Mens Basketball',5,1,260);
INSERT INTO TEAM(team_id,olympics_id,team_name,country_id,sport_id,coach_id) values(SEQ_TEAM.NEXTVAL,3,'France Mens Basketball',13,1,261);
INSERT INTO TEAM(team_id,olympics_id,team_name,country_id,sport_id,coach_id) values(SEQ_TEAM.NEXTVAL,3,'Australia Mens Basketball',2,1,262);
INSERT INTO TEAM(team_id,olympics_id,team_name,country_id,sport_id,coach_id) values(SEQ_TEAM.NEXTVAL,3,'Lithuania Mens Basketball',21,1,263);
INSERT INTO TEAM(team_id,olympics_id,team_name,country_id,sport_id,coach_id) values(SEQ_TEAM.NEXTVAL,4,'United States Mens Basketball',40,1,250);
INSERT INTO TEAM(team_id,olympics_id,team_name,country_id,sport_id,coach_id) values(SEQ_TEAM.NEXTVAL,4,'Serbia Mens Basketball',33,1,264);
INSERT INTO TEAM(team_id,olympics_id,team_name,country_id,sport_id,coach_id) values(SEQ_TEAM.NEXTVAL,4,'Spain Mens Basketball',35,1,257);
INSERT INTO TEAM(team_id,olympics_id,team_name,country_id,sport_id,coach_id) values(SEQ_TEAM.NEXTVAL,4,'Australia Mens Basketball',2,1,265);
INSERT INTO TEAM(team_id,olympics_id,team_name,country_id,sport_id,coach_id) values(SEQ_TEAM.NEXTVAL,4,'Croatia Mens Basketball',9,1,266);
INSERT INTO TEAM(team_id,olympics_id,team_name,country_id,sport_id,coach_id) values(SEQ_TEAM.NEXTVAL,4,'France Mens Basketball',13,1,261);
INSERT INTO TEAM(team_id,olympics_id,team_name,country_id,sport_id,coach_id) values(SEQ_TEAM.NEXTVAL,4,'Lithuania Mens Basketball',21,1,256);
INSERT INTO TEAM(team_id,olympics_id,team_name,country_id,sport_id,coach_id) values(SEQ_TEAM.NEXTVAL,4,'Argentina Mens Basketball',1,1,252);
INSERT INTO TEAM(team_id,olympics_id,team_name,country_id,sport_id,coach_id) values(SEQ_TEAM.NEXTVAL,1,'United States Womens Beach Volleyball 1',40,2,267);
INSERT INTO TEAM(team_id,olympics_id,team_name,country_id,sport_id,coach_id) values(SEQ_TEAM.NEXTVAL,1,'Brazil Womens Beach Volleyball 2',5,2,268);
INSERT INTO TEAM(team_id,olympics_id,team_name,country_id,sport_id,coach_id) values(SEQ_TEAM.NEXTVAL,1,'United States Womens Beach Volleyball 2',40,2,267);
INSERT INTO TEAM(team_id,olympics_id,team_name,country_id,sport_id,coach_id) values(SEQ_TEAM.NEXTVAL,1,'Australia Womens Beach Volleyball 1',2,2,269);
INSERT INTO TEAM(team_id,olympics_id,team_name,country_id,sport_id,coach_id) values(SEQ_TEAM.NEXTVAL,2,'United States Womens Beach Volleyball 1',40,2,270);
INSERT INTO TEAM(team_id,olympics_id,team_name,country_id,sport_id,coach_id) values(SEQ_TEAM.NEXTVAL,2,'China Womens Beach Volleyball 1',7,2,271);
INSERT INTO TEAM(team_id,olympics_id,team_name,country_id,sport_id,coach_id) values(SEQ_TEAM.NEXTVAL,2,'China Womens Beach Volleyball 2',7,2,271);
INSERT INTO TEAM(team_id,olympics_id,team_name,country_id,sport_id,coach_id) values(SEQ_TEAM.NEXTVAL,2,'Brazil Womens Beach Volleyball 1',5,2,268);
INSERT INTO TEAM(team_id,olympics_id,team_name,country_id,sport_id,coach_id) values(SEQ_TEAM.NEXTVAL,3,'United States Womens Beach Volleyball 1',40,2,270);
INSERT INTO TEAM(team_id,olympics_id,team_name,country_id,sport_id,coach_id) values(SEQ_TEAM.NEXTVAL,3,'United States Womens Beach Volleyball 2',40,2,270);
INSERT INTO TEAM(team_id,olympics_id,team_name,country_id,sport_id,coach_id) values(SEQ_TEAM.NEXTVAL,3,'Brazil Womens Beach Volleyball 1',5,2,268);
INSERT INTO TEAM(team_id,olympics_id,team_name,country_id,sport_id,coach_id) values(SEQ_TEAM.NEXTVAL,3,'China Womens Beach Volleyball 1',7,2,271);
INSERT INTO TEAM(team_id,olympics_id,team_name,country_id,sport_id,coach_id) values(SEQ_TEAM.NEXTVAL,4,'Germany Womens Beach Volleyball 1',14,2,272);
INSERT INTO TEAM(team_id,olympics_id,team_name,country_id,sport_id,coach_id) values(SEQ_TEAM.NEXTVAL,4,'Brazil Womens Beach Volleyball 1',5,2,268);
INSERT INTO TEAM(team_id,olympics_id,team_name,country_id,sport_id,coach_id) values(SEQ_TEAM.NEXTVAL,4,'United States Womens Beach Volleyball 1',40,2,270);
INSERT INTO TEAM(team_id,olympics_id,team_name,country_id,sport_id,coach_id) values(SEQ_TEAM.NEXTVAL,4,'Brazil Womens Beach Volleyball 2',5,2,268);
INSERT INTO TEAM(team_id,olympics_id,team_name,country_id,sport_id,coach_id) values(SEQ_TEAM.NEXTVAL,1,'Hungary Mens Water Polo',18,3,273);
INSERT INTO TEAM(team_id,olympics_id,team_name,country_id,sport_id,coach_id) values(SEQ_TEAM.NEXTVAL,1,'Serbia and Montenegro Mens Water Polo',32,3,274);
INSERT INTO TEAM(team_id,olympics_id,team_name,country_id,sport_id,coach_id) values(SEQ_TEAM.NEXTVAL,1,'Russia Mens Water Polo',31,3,275);
INSERT INTO TEAM(team_id,olympics_id,team_name,country_id,sport_id,coach_id) values(SEQ_TEAM.NEXTVAL,1,'Greece Mens Water Polo',16,3,276);
INSERT INTO TEAM(team_id,olympics_id,team_name,country_id,sport_id,coach_id) values(SEQ_TEAM.NEXTVAL,2,'Hungary Mens Water Polo',18,3,273);
INSERT INTO TEAM(team_id,olympics_id,team_name,country_id,sport_id,coach_id) values(SEQ_TEAM.NEXTVAL,2,'United States Mens Water Polo',40,3,277);
INSERT INTO TEAM(team_id,olympics_id,team_name,country_id,sport_id,coach_id) values(SEQ_TEAM.NEXTVAL,2,'Serbia Mens Water Polo',33,3,278);
INSERT INTO TEAM(team_id,olympics_id,team_name,country_id,sport_id,coach_id) values(SEQ_TEAM.NEXTVAL,2,'Montenegro Mens Water Polo',24,3,279);
INSERT INTO TEAM(team_id,olympics_id,team_name,country_id,sport_id,coach_id) values(SEQ_TEAM.NEXTVAL,3,'Croatia Mens Water Polo',9,3,280);
INSERT INTO TEAM(team_id,olympics_id,team_name,country_id,sport_id,coach_id) values(SEQ_TEAM.NEXTVAL,3,'Italy Mens Water Polo',19,3,276);
INSERT INTO TEAM(team_id,olympics_id,team_name,country_id,sport_id,coach_id) values(SEQ_TEAM.NEXTVAL,3,'Serbia Mens Water Polo',33,3,278);
INSERT INTO TEAM(team_id,olympics_id,team_name,country_id,sport_id,coach_id) values(SEQ_TEAM.NEXTVAL,3,'Montenegro Mens Water Polo',24,3,279);
INSERT INTO TEAM(team_id,olympics_id,team_name,country_id,sport_id,coach_id) values(SEQ_TEAM.NEXTVAL,4,'Serbia Mens Water Polo',33,3,278);
INSERT INTO TEAM(team_id,olympics_id,team_name,country_id,sport_id,coach_id) values(SEQ_TEAM.NEXTVAL,4,'Croatia Mens Water Polo',9,3,280);
INSERT INTO TEAM(team_id,olympics_id,team_name,country_id,sport_id,coach_id) values(SEQ_TEAM.NEXTVAL,4,'Italy Mens Water Polo',19,3,276);
INSERT INTO TEAM(team_id,olympics_id,team_name,country_id,sport_id,coach_id) values(SEQ_TEAM.NEXTVAL,4,'Montenegro Mens Water Polo',24,3,279);
INSERT INTO TEAM(team_id,olympics_id,team_name,country_id,sport_id,coach_id) values(SEQ_TEAM.NEXTVAL,1,'Italy Mens Individual Archery',19,4,281);
INSERT INTO TEAM(team_id,olympics_id,team_name,country_id,sport_id,coach_id) values(SEQ_TEAM.NEXTVAL,1,'Japan Mens Individual Archery',20,4,282);
INSERT INTO TEAM(team_id,olympics_id,team_name,country_id,sport_id,coach_id) values(SEQ_TEAM.NEXTVAL,1,'Australia Mens Individual Archery',2,4,283);
INSERT INTO TEAM(team_id,olympics_id,team_name,country_id,sport_id,coach_id) values(SEQ_TEAM.NEXTVAL,1,'Great Britain Mens Individual Archery',15,4,284);
INSERT INTO TEAM(team_id,olympics_id,team_name,country_id,sport_id,coach_id) values(SEQ_TEAM.NEXTVAL,2,'Ukraine Mens Individual Archery',39,4,285);
INSERT INTO TEAM(team_id,olympics_id,team_name,country_id,sport_id,coach_id) values(SEQ_TEAM.NEXTVAL,2,'South Korea Mens Individual Archery',34,4,286);
INSERT INTO TEAM(team_id,olympics_id,team_name,country_id,sport_id,coach_id) values(SEQ_TEAM.NEXTVAL,2,'Russia Mens Individual Archery',31,4,287);
INSERT INTO TEAM(team_id,olympics_id,team_name,country_id,sport_id,coach_id) values(SEQ_TEAM.NEXTVAL,2,'Mexico Mens Individual Archery',23,4,288);
INSERT INTO TEAM(team_id,olympics_id,team_name,country_id,sport_id,coach_id) values(SEQ_TEAM.NEXTVAL,3,'South Korea Mens Individual Archery',34,4,286);
INSERT INTO TEAM(team_id,olympics_id,team_name,country_id,sport_id,coach_id) values(SEQ_TEAM.NEXTVAL,3,'Japan Mens Individual Archery',20,4,282);
INSERT INTO TEAM(team_id,olympics_id,team_name,country_id,sport_id,coach_id) values(SEQ_TEAM.NEXTVAL,3,'China Mens Individual Archery',7,4,289);
INSERT INTO TEAM(team_id,olympics_id,team_name,country_id,sport_id,coach_id) values(SEQ_TEAM.NEXTVAL,3,'Netherlands Mens Individual Archery',25,4,290);
INSERT INTO TEAM(team_id,olympics_id,team_name,country_id,sport_id,coach_id) values(SEQ_TEAM.NEXTVAL,4,'South Korea Mens Individual Archery',34,4,286);
INSERT INTO TEAM(team_id,olympics_id,team_name,country_id,sport_id,coach_id) values(SEQ_TEAM.NEXTVAL,4,'France Mens Individual Archery',13,4,291);
INSERT INTO TEAM(team_id,olympics_id,team_name,country_id,sport_id,coach_id) values(SEQ_TEAM.NEXTVAL,4,'United States Mens Individual Archery',40,4,292);
INSERT INTO TEAM(team_id,olympics_id,team_name,country_id,sport_id,coach_id) values(SEQ_TEAM.NEXTVAL,4,'Netherlands Mens Individual Archery',25,4,290);
INSERT INTO TEAM(team_id,olympics_id,team_name,country_id,sport_id,coach_id) values(SEQ_TEAM.NEXTVAL,1,'South Korea Mens Individual Table Tennis',34,5,293);
INSERT INTO TEAM(team_id,olympics_id,team_name,country_id,sport_id,coach_id) values(SEQ_TEAM.NEXTVAL,1,'China Mens Individual Table Tennis 1',7,5,294);
INSERT INTO TEAM(team_id,olympics_id,team_name,country_id,sport_id,coach_id) values(SEQ_TEAM.NEXTVAL,1,'China Mens Individual Table Tennis 2',7,5,294);
INSERT INTO TEAM(team_id,olympics_id,team_name,country_id,sport_id,coach_id) values(SEQ_TEAM.NEXTVAL,1,'Sweden Mens Individual Table Tennis',36,5,295);
INSERT INTO TEAM(team_id,olympics_id,team_name,country_id,sport_id,coach_id) values(SEQ_TEAM.NEXTVAL,2,'China Mens Individual Table Tennis 1',7,5,294);
INSERT INTO TEAM(team_id,olympics_id,team_name,country_id,sport_id,coach_id) values(SEQ_TEAM.NEXTVAL,2,'China Mens Individual Table Tennis 2',7,5,294);
INSERT INTO TEAM(team_id,olympics_id,team_name,country_id,sport_id,coach_id) values(SEQ_TEAM.NEXTVAL,2,'China Mens Individual Table Tennis 3',7,5,294);
INSERT INTO TEAM(team_id,olympics_id,team_name,country_id,sport_id,coach_id) values(SEQ_TEAM.NEXTVAL,2,'Sweden Mens Individual Table Tennis',36,5,295);
INSERT INTO TEAM(team_id,olympics_id,team_name,country_id,sport_id,coach_id) values(SEQ_TEAM.NEXTVAL,3,'China Mens Individual Table Tennis 1',7,5,294);
INSERT INTO TEAM(team_id,olympics_id,team_name,country_id,sport_id,coach_id) values(SEQ_TEAM.NEXTVAL,3,'China Mens Individual Table Tennis 1',7,5,294);
INSERT INTO TEAM(team_id,olympics_id,team_name,country_id,sport_id,coach_id) values(SEQ_TEAM.NEXTVAL,3,'Germany Mens Individual Table Tennis',14,5,296);
INSERT INTO TEAM(team_id,olympics_id,team_name,country_id,sport_id,coach_id) values(SEQ_TEAM.NEXTVAL,3,'Chinese Taipei Mens Individual Table Tennis',8,5,297);
INSERT INTO TEAM(team_id,olympics_id,team_name,country_id,sport_id,coach_id) values(SEQ_TEAM.NEXTVAL,4,'China Mens Individual Table Tennis 1',7,5,294);
INSERT INTO TEAM(team_id,olympics_id,team_name,country_id,sport_id,coach_id) values(SEQ_TEAM.NEXTVAL,4,'China Mens Individual Table Tennis 1',7,5,294);
INSERT INTO TEAM(team_id,olympics_id,team_name,country_id,sport_id,coach_id) values(SEQ_TEAM.NEXTVAL,4,'Japan Mens Individual Table Tennis',20,5,298);
INSERT INTO TEAM(team_id,olympics_id,team_name,country_id,sport_id,coach_id) values(SEQ_TEAM.NEXTVAL,4,'Belarus Mens Individual Table Tennis',4,5,299);
INSERT INTO TEAM(team_id,olympics_id,team_name,country_id,sport_id,coach_id) values(SEQ_TEAM.NEXTVAL,1,'Italy Womens Individual Foil Fencing 1',19,6,300);
INSERT INTO TEAM(team_id,olympics_id,team_name,country_id,sport_id,coach_id) values(SEQ_TEAM.NEXTVAL,1,'Italy Womens Individual Foil Fencing 2',19,6,300);
INSERT INTO TEAM(team_id,olympics_id,team_name,country_id,sport_id,coach_id) values(SEQ_TEAM.NEXTVAL,1,'Poland Womens Individual Foil Fencing',27,6,301);
INSERT INTO TEAM(team_id,olympics_id,team_name,country_id,sport_id,coach_id) values(SEQ_TEAM.NEXTVAL,1,'Hungary Womens Individual Foil Fencing',18,6,302);
INSERT INTO TEAM(team_id,olympics_id,team_name,country_id,sport_id,coach_id) values(SEQ_TEAM.NEXTVAL,2,'Italy Womens Individual Foil Fencing 1',19,6,300);
INSERT INTO TEAM(team_id,olympics_id,team_name,country_id,sport_id,coach_id) values(SEQ_TEAM.NEXTVAL,2,'South Korea Womens Individual Foil Fencing',34,6,303);
INSERT INTO TEAM(team_id,olympics_id,team_name,country_id,sport_id,coach_id) values(SEQ_TEAM.NEXTVAL,2,'Italy Womens Individual Foil Fencing 2',19,6,300);
INSERT INTO TEAM(team_id,olympics_id,team_name,country_id,sport_id,coach_id) values(SEQ_TEAM.NEXTVAL,2,'Italy Womens Individual Foil Fencing 3',19,6,300);
INSERT INTO TEAM(team_id,olympics_id,team_name,country_id,sport_id,coach_id) values(SEQ_TEAM.NEXTVAL,3,'Italy Womens Individual Foil Fencing 1',19,6,300);
INSERT INTO TEAM(team_id,olympics_id,team_name,country_id,sport_id,coach_id) values(SEQ_TEAM.NEXTVAL,3,'Italy Womens Individual Foil Fencing 2',19,6,300);
INSERT INTO TEAM(team_id,olympics_id,team_name,country_id,sport_id,coach_id) values(SEQ_TEAM.NEXTVAL,3,'Italy Womens Individual Foil Fencing 3',19,6,300);
INSERT INTO TEAM(team_id,olympics_id,team_name,country_id,sport_id,coach_id) values(SEQ_TEAM.NEXTVAL,3,'South Korea Womens Individual Foil Fencing',34,6,303);
INSERT INTO TEAM(team_id,olympics_id,team_name,country_id,sport_id,coach_id) values(SEQ_TEAM.NEXTVAL,4,'Russia Womens Individual Foil Fencing 1',31,6,304);
INSERT INTO TEAM(team_id,olympics_id,team_name,country_id,sport_id,coach_id) values(SEQ_TEAM.NEXTVAL,4,'Italy Womens Individual Foil Fencing',19,6,305);
INSERT INTO TEAM(team_id,olympics_id,team_name,country_id,sport_id,coach_id) values(SEQ_TEAM.NEXTVAL,4,'Tunisia Womens Individual Foil Fencing',38,6,306);
INSERT INTO TEAM(team_id,olympics_id,team_name,country_id,sport_id,coach_id) values(SEQ_TEAM.NEXTVAL,4,'Russia Womens Individual Foil Fencing 2',31,6,304);

--insert into TEAM_MEMBER
INSERT INTO TEAM_MEMBER(team_id,participant_id) values(1,1);
INSERT INTO TEAM_MEMBER(team_id,participant_id) values(1,2);
INSERT INTO TEAM_MEMBER(team_id,participant_id) values(1,3);
INSERT INTO TEAM_MEMBER(team_id,participant_id) values(1,4);
INSERT INTO TEAM_MEMBER(team_id,participant_id) values(1,5);
INSERT INTO TEAM_MEMBER(team_id,participant_id) values(2,6);
INSERT INTO TEAM_MEMBER(team_id,participant_id) values(2,7);
INSERT INTO TEAM_MEMBER(team_id,participant_id) values(2,8);
INSERT INTO TEAM_MEMBER(team_id,participant_id) values(2,9);
INSERT INTO TEAM_MEMBER(team_id,participant_id) values(2,10);
INSERT INTO TEAM_MEMBER(team_id,participant_id) values(3,11);
INSERT INTO TEAM_MEMBER(team_id,participant_id) values(3,12);
INSERT INTO TEAM_MEMBER(team_id,participant_id) values(3,13);
INSERT INTO TEAM_MEMBER(team_id,participant_id) values(3,14);
INSERT INTO TEAM_MEMBER(team_id,participant_id) values(3,15);
INSERT INTO TEAM_MEMBER(team_id,participant_id) values(4,16);
INSERT INTO TEAM_MEMBER(team_id,participant_id) values(4,17);
INSERT INTO TEAM_MEMBER(team_id,participant_id) values(4,18);
INSERT INTO TEAM_MEMBER(team_id,participant_id) values(4,19);
INSERT INTO TEAM_MEMBER(team_id,participant_id) values(4,20);
INSERT INTO TEAM_MEMBER(team_id,participant_id) values(5,21);
INSERT INTO TEAM_MEMBER(team_id,participant_id) values(5,22);
INSERT INTO TEAM_MEMBER(team_id,participant_id) values(5,23);
INSERT INTO TEAM_MEMBER(team_id,participant_id) values(5,24);
INSERT INTO TEAM_MEMBER(team_id,participant_id) values(5,25);
INSERT INTO TEAM_MEMBER(team_id,participant_id) values(6,26);
INSERT INTO TEAM_MEMBER(team_id,participant_id) values(6,27);
INSERT INTO TEAM_MEMBER(team_id,participant_id) values(6,28);
INSERT INTO TEAM_MEMBER(team_id,participant_id) values(6,29);
INSERT INTO TEAM_MEMBER(team_id,participant_id) values(6,30);
INSERT INTO TEAM_MEMBER(team_id,participant_id) values(7,31);
INSERT INTO TEAM_MEMBER(team_id,participant_id) values(7,32);
INSERT INTO TEAM_MEMBER(team_id,participant_id) values(7,33);
INSERT INTO TEAM_MEMBER(team_id,participant_id) values(7,34);
INSERT INTO TEAM_MEMBER(team_id,participant_id) values(7,35);
INSERT INTO TEAM_MEMBER(team_id,participant_id) values(8,36);
INSERT INTO TEAM_MEMBER(team_id,participant_id) values(8,37);
INSERT INTO TEAM_MEMBER(team_id,participant_id) values(8,38);
INSERT INTO TEAM_MEMBER(team_id,participant_id) values(8,39);
INSERT INTO TEAM_MEMBER(team_id,participant_id) values(8,40);
INSERT INTO TEAM_MEMBER(team_id,participant_id) values(9,11);
INSERT INTO TEAM_MEMBER(team_id,participant_id) values(9,13);
INSERT INTO TEAM_MEMBER(team_id,participant_id) values(9,41);
INSERT INTO TEAM_MEMBER(team_id,participant_id) values(9,42);
INSERT INTO TEAM_MEMBER(team_id,participant_id) values(9,43);
INSERT INTO TEAM_MEMBER(team_id,participant_id) values(10,32);
INSERT INTO TEAM_MEMBER(team_id,participant_id) values(10,44);
INSERT INTO TEAM_MEMBER(team_id,participant_id) values(10,45);
INSERT INTO TEAM_MEMBER(team_id,participant_id) values(10,46);
INSERT INTO TEAM_MEMBER(team_id,participant_id) values(10,47);
INSERT INTO TEAM_MEMBER(team_id,participant_id) values(11,1);
INSERT INTO TEAM_MEMBER(team_id,participant_id) values(11,5);
INSERT INTO TEAM_MEMBER(team_id,participant_id) values(11,48);
INSERT INTO TEAM_MEMBER(team_id,participant_id) values(11,49);
INSERT INTO TEAM_MEMBER(team_id,participant_id) values(11,50);
INSERT INTO TEAM_MEMBER(team_id,participant_id) values(12,16);
INSERT INTO TEAM_MEMBER(team_id,participant_id) values(12,51);
INSERT INTO TEAM_MEMBER(team_id,participant_id) values(12,52);
INSERT INTO TEAM_MEMBER(team_id,participant_id) values(12,53);
INSERT INTO TEAM_MEMBER(team_id,participant_id) values(12,54);
INSERT INTO TEAM_MEMBER(team_id,participant_id) values(13,22);
INSERT INTO TEAM_MEMBER(team_id,participant_id) values(13,24);
INSERT INTO TEAM_MEMBER(team_id,participant_id) values(13,55);
INSERT INTO TEAM_MEMBER(team_id,participant_id) values(13,56);
INSERT INTO TEAM_MEMBER(team_id,participant_id) values(13,57);
INSERT INTO TEAM_MEMBER(team_id,participant_id) values(14,58);
INSERT INTO TEAM_MEMBER(team_id,participant_id) values(14,59);
INSERT INTO TEAM_MEMBER(team_id,participant_id) values(14,60);
INSERT INTO TEAM_MEMBER(team_id,participant_id) values(14,61);
INSERT INTO TEAM_MEMBER(team_id,participant_id) values(14,62);
INSERT INTO TEAM_MEMBER(team_id,participant_id) values(15,63);
INSERT INTO TEAM_MEMBER(team_id,participant_id) values(15,64);
INSERT INTO TEAM_MEMBER(team_id,participant_id) values(15,65);
INSERT INTO TEAM_MEMBER(team_id,participant_id) values(15,66);
INSERT INTO TEAM_MEMBER(team_id,participant_id) values(15,67);
INSERT INTO TEAM_MEMBER(team_id,participant_id) values(16,38);
INSERT INTO TEAM_MEMBER(team_id,participant_id) values(16,40);
INSERT INTO TEAM_MEMBER(team_id,participant_id) values(16,68);
INSERT INTO TEAM_MEMBER(team_id,participant_id) values(16,69);
INSERT INTO TEAM_MEMBER(team_id,participant_id) values(16,70);
INSERT INTO TEAM_MEMBER(team_id,participant_id) values(17,13);
INSERT INTO TEAM_MEMBER(team_id,participant_id) values(17,43);
INSERT INTO TEAM_MEMBER(team_id,participant_id) values(17,42);
INSERT INTO TEAM_MEMBER(team_id,participant_id) values(17,11);
INSERT INTO TEAM_MEMBER(team_id,participant_id) values(17,71);
INSERT INTO TEAM_MEMBER(team_id,participant_id) values(18,32);
INSERT INTO TEAM_MEMBER(team_id,participant_id) values(18,44);
INSERT INTO TEAM_MEMBER(team_id,participant_id) values(18,45);
INSERT INTO TEAM_MEMBER(team_id,participant_id) values(18,46);
INSERT INTO TEAM_MEMBER(team_id,participant_id) values(18,72);
INSERT INTO TEAM_MEMBER(team_id,participant_id) values(19,73);
INSERT INTO TEAM_MEMBER(team_id,participant_id) values(19,74);
INSERT INTO TEAM_MEMBER(team_id,participant_id) values(19,75);
INSERT INTO TEAM_MEMBER(team_id,participant_id) values(19,76);
INSERT INTO TEAM_MEMBER(team_id,participant_id) values(19,77);
INSERT INTO TEAM_MEMBER(team_id,participant_id) values(20,1);
INSERT INTO TEAM_MEMBER(team_id,participant_id) values(20,48);
INSERT INTO TEAM_MEMBER(team_id,participant_id) values(20,4);
INSERT INTO TEAM_MEMBER(team_id,participant_id) values(20,49);
INSERT INTO TEAM_MEMBER(team_id,participant_id) values(20,78);
INSERT INTO TEAM_MEMBER(team_id,participant_id) values(21,79);
INSERT INTO TEAM_MEMBER(team_id,participant_id) values(21,80);
INSERT INTO TEAM_MEMBER(team_id,participant_id) values(21,81);
INSERT INTO TEAM_MEMBER(team_id,participant_id) values(21,82);
INSERT INTO TEAM_MEMBER(team_id,participant_id) values(21,83);
INSERT INTO TEAM_MEMBER(team_id,participant_id) values(22,84);
INSERT INTO TEAM_MEMBER(team_id,participant_id) values(22,85);
INSERT INTO TEAM_MEMBER(team_id,participant_id) values(22,86);
INSERT INTO TEAM_MEMBER(team_id,participant_id) values(22,87);
INSERT INTO TEAM_MEMBER(team_id,participant_id) values(22,88);
INSERT INTO TEAM_MEMBER(team_id,participant_id) values(23,67);
INSERT INTO TEAM_MEMBER(team_id,participant_id) values(23,65);
INSERT INTO TEAM_MEMBER(team_id,participant_id) values(23,63);
INSERT INTO TEAM_MEMBER(team_id,participant_id) values(23,89);
INSERT INTO TEAM_MEMBER(team_id,participant_id) values(23,90);
INSERT INTO TEAM_MEMBER(team_id,participant_id) values(24,51);
INSERT INTO TEAM_MEMBER(team_id,participant_id) values(24,52);
INSERT INTO TEAM_MEMBER(team_id,participant_id) values(24,54);
INSERT INTO TEAM_MEMBER(team_id,participant_id) values(24,19);
INSERT INTO TEAM_MEMBER(team_id,participant_id) values(24,91);
INSERT INTO TEAM_MEMBER(team_id,participant_id) values(25,71);
INSERT INTO TEAM_MEMBER(team_id,participant_id) values(25,11);
INSERT INTO TEAM_MEMBER(team_id,participant_id) values(25,92);
INSERT INTO TEAM_MEMBER(team_id,participant_id) values(25,93);
INSERT INTO TEAM_MEMBER(team_id,participant_id) values(25,94);
INSERT INTO TEAM_MEMBER(team_id,participant_id) values(26,95);
INSERT INTO TEAM_MEMBER(team_id,participant_id) values(26,96);
INSERT INTO TEAM_MEMBER(team_id,participant_id) values(26,97);
INSERT INTO TEAM_MEMBER(team_id,participant_id) values(26,98);
INSERT INTO TEAM_MEMBER(team_id,participant_id) values(26,99);
INSERT INTO TEAM_MEMBER(team_id,participant_id) values(27,32);
INSERT INTO TEAM_MEMBER(team_id,participant_id) values(27,44);
INSERT INTO TEAM_MEMBER(team_id,participant_id) values(27,45);
INSERT INTO TEAM_MEMBER(team_id,participant_id) values(27,46);
INSERT INTO TEAM_MEMBER(team_id,participant_id) values(27,72);
INSERT INTO TEAM_MEMBER(team_id,participant_id) values(28,67);
INSERT INTO TEAM_MEMBER(team_id,participant_id) values(28,63);
INSERT INTO TEAM_MEMBER(team_id,participant_id) values(28,90);
INSERT INTO TEAM_MEMBER(team_id,participant_id) values(28,100);
INSERT INTO TEAM_MEMBER(team_id,participant_id) values(28,101);
INSERT INTO TEAM_MEMBER(team_id,participant_id) values(29,102);
INSERT INTO TEAM_MEMBER(team_id,participant_id) values(29,103);
INSERT INTO TEAM_MEMBER(team_id,participant_id) values(29,104);
INSERT INTO TEAM_MEMBER(team_id,participant_id) values(29,105);
INSERT INTO TEAM_MEMBER(team_id,participant_id) values(29,106);
INSERT INTO TEAM_MEMBER(team_id,participant_id) values(30,84);
INSERT INTO TEAM_MEMBER(team_id,participant_id) values(30,87);
INSERT INTO TEAM_MEMBER(team_id,participant_id) values(30,88);
INSERT INTO TEAM_MEMBER(team_id,participant_id) values(30,107);
INSERT INTO TEAM_MEMBER(team_id,participant_id) values(30,108);
INSERT INTO TEAM_MEMBER(team_id,participant_id) values(31,91);
INSERT INTO TEAM_MEMBER(team_id,participant_id) values(31,54);
INSERT INTO TEAM_MEMBER(team_id,participant_id) values(31,16);
INSERT INTO TEAM_MEMBER(team_id,participant_id) values(31,109);
INSERT INTO TEAM_MEMBER(team_id,participant_id) values(31,110);
INSERT INTO TEAM_MEMBER(team_id,participant_id) values(32,1);
INSERT INTO TEAM_MEMBER(team_id,participant_id) values(32,4);
INSERT INTO TEAM_MEMBER(team_id,participant_id) values(32,78);
INSERT INTO TEAM_MEMBER(team_id,participant_id) values(32,111);
INSERT INTO TEAM_MEMBER(team_id,participant_id) values(32,112);
INSERT INTO TEAM_MEMBER(team_id,participant_id) values(33,113);
INSERT INTO TEAM_MEMBER(team_id,participant_id) values(33,114);
INSERT INTO TEAM_MEMBER(team_id,participant_id) values(34,115);
INSERT INTO TEAM_MEMBER(team_id,participant_id) values(34,116);
INSERT INTO TEAM_MEMBER(team_id,participant_id) values(35,117);
INSERT INTO TEAM_MEMBER(team_id,participant_id) values(35,118);
INSERT INTO TEAM_MEMBER(team_id,participant_id) values(36,119);
INSERT INTO TEAM_MEMBER(team_id,participant_id) values(36,120);
INSERT INTO TEAM_MEMBER(team_id,participant_id) values(37,113);
INSERT INTO TEAM_MEMBER(team_id,participant_id) values(37,114);
INSERT INTO TEAM_MEMBER(team_id,participant_id) values(38,121);
INSERT INTO TEAM_MEMBER(team_id,participant_id) values(38,122);
INSERT INTO TEAM_MEMBER(team_id,participant_id) values(39,123);
INSERT INTO TEAM_MEMBER(team_id,participant_id) values(39,124);
INSERT INTO TEAM_MEMBER(team_id,participant_id) values(40,125);
INSERT INTO TEAM_MEMBER(team_id,participant_id) values(40,126);
INSERT INTO TEAM_MEMBER(team_id,participant_id) values(41,113);
INSERT INTO TEAM_MEMBER(team_id,participant_id) values(41,114);
INSERT INTO TEAM_MEMBER(team_id,participant_id) values(42,127);
INSERT INTO TEAM_MEMBER(team_id,participant_id) values(42,128);
INSERT INTO TEAM_MEMBER(team_id,participant_id) values(43,129);
INSERT INTO TEAM_MEMBER(team_id,participant_id) values(43,130);
INSERT INTO TEAM_MEMBER(team_id,participant_id) values(44,123);
INSERT INTO TEAM_MEMBER(team_id,participant_id) values(44,124);
INSERT INTO TEAM_MEMBER(team_id,participant_id) values(45,131);
INSERT INTO TEAM_MEMBER(team_id,participant_id) values(45,132);
INSERT INTO TEAM_MEMBER(team_id,participant_id) values(46,133);
INSERT INTO TEAM_MEMBER(team_id,participant_id) values(46,134);
INSERT INTO TEAM_MEMBER(team_id,participant_id) values(47,113);
INSERT INTO TEAM_MEMBER(team_id,participant_id) values(47,127);
INSERT INTO TEAM_MEMBER(team_id,participant_id) values(48,130);
INSERT INTO TEAM_MEMBER(team_id,participant_id) values(48,125);
INSERT INTO TEAM_MEMBER(team_id,participant_id) values(49,135);
INSERT INTO TEAM_MEMBER(team_id,participant_id) values(49,136);
INSERT INTO TEAM_MEMBER(team_id,participant_id) values(49,137);
INSERT INTO TEAM_MEMBER(team_id,participant_id) values(49,138);
INSERT INTO TEAM_MEMBER(team_id,participant_id) values(49,139);
INSERT INTO TEAM_MEMBER(team_id,participant_id) values(49,140);
INSERT INTO TEAM_MEMBER(team_id,participant_id) values(49,141);
INSERT INTO TEAM_MEMBER(team_id,participant_id) values(50,142);
INSERT INTO TEAM_MEMBER(team_id,participant_id) values(50,143);
INSERT INTO TEAM_MEMBER(team_id,participant_id) values(50,144);
INSERT INTO TEAM_MEMBER(team_id,participant_id) values(50,145);
INSERT INTO TEAM_MEMBER(team_id,participant_id) values(50,146);
INSERT INTO TEAM_MEMBER(team_id,participant_id) values(50,147);
INSERT INTO TEAM_MEMBER(team_id,participant_id) values(50,148);
INSERT INTO TEAM_MEMBER(team_id,participant_id) values(51,149);
INSERT INTO TEAM_MEMBER(team_id,participant_id) values(51,150);
INSERT INTO TEAM_MEMBER(team_id,participant_id) values(51,151);
INSERT INTO TEAM_MEMBER(team_id,participant_id) values(51,152);
INSERT INTO TEAM_MEMBER(team_id,participant_id) values(51,153);
INSERT INTO TEAM_MEMBER(team_id,participant_id) values(51,154);
INSERT INTO TEAM_MEMBER(team_id,participant_id) values(51,155);
INSERT INTO TEAM_MEMBER(team_id,participant_id) values(52,156);
INSERT INTO TEAM_MEMBER(team_id,participant_id) values(52,157);
INSERT INTO TEAM_MEMBER(team_id,participant_id) values(52,158);
INSERT INTO TEAM_MEMBER(team_id,participant_id) values(52,159);
INSERT INTO TEAM_MEMBER(team_id,participant_id) values(52,160);
INSERT INTO TEAM_MEMBER(team_id,participant_id) values(52,161);
INSERT INTO TEAM_MEMBER(team_id,participant_id) values(52,162);
INSERT INTO TEAM_MEMBER(team_id,participant_id) values(53,135);
INSERT INTO TEAM_MEMBER(team_id,participant_id) values(53,138);
INSERT INTO TEAM_MEMBER(team_id,participant_id) values(53,137);
INSERT INTO TEAM_MEMBER(team_id,participant_id) values(53,139);
INSERT INTO TEAM_MEMBER(team_id,participant_id) values(53,141);
INSERT INTO TEAM_MEMBER(team_id,participant_id) values(53,163);
INSERT INTO TEAM_MEMBER(team_id,participant_id) values(53,164);
INSERT INTO TEAM_MEMBER(team_id,participant_id) values(54,165);
INSERT INTO TEAM_MEMBER(team_id,participant_id) values(54,166);
INSERT INTO TEAM_MEMBER(team_id,participant_id) values(54,167);
INSERT INTO TEAM_MEMBER(team_id,participant_id) values(54,168);
INSERT INTO TEAM_MEMBER(team_id,participant_id) values(54,169);
INSERT INTO TEAM_MEMBER(team_id,participant_id) values(54,170);
INSERT INTO TEAM_MEMBER(team_id,participant_id) values(54,171);
INSERT INTO TEAM_MEMBER(team_id,participant_id) values(55,146);
INSERT INTO TEAM_MEMBER(team_id,participant_id) values(55,147);
INSERT INTO TEAM_MEMBER(team_id,participant_id) values(55,148);
INSERT INTO TEAM_MEMBER(team_id,participant_id) values(55,142);
INSERT INTO TEAM_MEMBER(team_id,participant_id) values(55,172);
INSERT INTO TEAM_MEMBER(team_id,participant_id) values(55,173);
INSERT INTO TEAM_MEMBER(team_id,participant_id) values(55,174);
INSERT INTO TEAM_MEMBER(team_id,participant_id) values(56,143);
INSERT INTO TEAM_MEMBER(team_id,participant_id) values(56,144);
INSERT INTO TEAM_MEMBER(team_id,participant_id) values(56,175);
INSERT INTO TEAM_MEMBER(team_id,participant_id) values(56,176);
INSERT INTO TEAM_MEMBER(team_id,participant_id) values(56,177);
INSERT INTO TEAM_MEMBER(team_id,participant_id) values(56,178);
INSERT INTO TEAM_MEMBER(team_id,participant_id) values(56,179);
INSERT INTO TEAM_MEMBER(team_id,participant_id) values(57,180);
INSERT INTO TEAM_MEMBER(team_id,participant_id) values(57,181);
INSERT INTO TEAM_MEMBER(team_id,participant_id) values(57,182);
INSERT INTO TEAM_MEMBER(team_id,participant_id) values(57,183);
INSERT INTO TEAM_MEMBER(team_id,participant_id) values(57,184);
INSERT INTO TEAM_MEMBER(team_id,participant_id) values(57,185);
INSERT INTO TEAM_MEMBER(team_id,participant_id) values(57,186);
INSERT INTO TEAM_MEMBER(team_id,participant_id) values(58,187);
INSERT INTO TEAM_MEMBER(team_id,participant_id) values(58,188);
INSERT INTO TEAM_MEMBER(team_id,participant_id) values(58,189);
INSERT INTO TEAM_MEMBER(team_id,participant_id) values(58,190);
INSERT INTO TEAM_MEMBER(team_id,participant_id) values(58,191);
INSERT INTO TEAM_MEMBER(team_id,participant_id) values(58,192);
INSERT INTO TEAM_MEMBER(team_id,participant_id) values(58,193);
INSERT INTO TEAM_MEMBER(team_id,participant_id) values(59,145);
INSERT INTO TEAM_MEMBER(team_id,participant_id) values(59,174);
INSERT INTO TEAM_MEMBER(team_id,participant_id) values(59,148);
INSERT INTO TEAM_MEMBER(team_id,participant_id) values(59,172);
INSERT INTO TEAM_MEMBER(team_id,participant_id) values(59,194);
INSERT INTO TEAM_MEMBER(team_id,participant_id) values(59,195);
INSERT INTO TEAM_MEMBER(team_id,participant_id) values(59,196);
INSERT INTO TEAM_MEMBER(team_id,participant_id) values(60,147);
INSERT INTO TEAM_MEMBER(team_id,participant_id) values(60,143);
INSERT INTO TEAM_MEMBER(team_id,participant_id) values(60,144);
INSERT INTO TEAM_MEMBER(team_id,participant_id) values(60,175);
INSERT INTO TEAM_MEMBER(team_id,participant_id) values(60,176);
INSERT INTO TEAM_MEMBER(team_id,participant_id) values(60,177);
INSERT INTO TEAM_MEMBER(team_id,participant_id) values(60,178);
INSERT INTO TEAM_MEMBER(team_id,participant_id) values(61,172);
INSERT INTO TEAM_MEMBER(team_id,participant_id) values(61,145);
INSERT INTO TEAM_MEMBER(team_id,participant_id) values(61,194);
INSERT INTO TEAM_MEMBER(team_id,participant_id) values(61,195);
INSERT INTO TEAM_MEMBER(team_id,participant_id) values(61,196);
INSERT INTO TEAM_MEMBER(team_id,participant_id) values(61,197);
INSERT INTO TEAM_MEMBER(team_id,participant_id) values(61,198);
INSERT INTO TEAM_MEMBER(team_id,participant_id) values(62,180);
INSERT INTO TEAM_MEMBER(team_id,participant_id) values(62,181);
INSERT INTO TEAM_MEMBER(team_id,participant_id) values(62,182);
INSERT INTO TEAM_MEMBER(team_id,participant_id) values(62,183);
INSERT INTO TEAM_MEMBER(team_id,participant_id) values(62,184);
INSERT INTO TEAM_MEMBER(team_id,participant_id) values(62,199);
INSERT INTO TEAM_MEMBER(team_id,participant_id) values(62,200);
INSERT INTO TEAM_MEMBER(team_id,participant_id) values(63,191);
INSERT INTO TEAM_MEMBER(team_id,participant_id) values(63,192);
INSERT INTO TEAM_MEMBER(team_id,participant_id) values(63,193);
INSERT INTO TEAM_MEMBER(team_id,participant_id) values(63,187);
INSERT INTO TEAM_MEMBER(team_id,participant_id) values(63,188);
INSERT INTO TEAM_MEMBER(team_id,participant_id) values(63,201);
INSERT INTO TEAM_MEMBER(team_id,participant_id) values(63,202);
INSERT INTO TEAM_MEMBER(team_id,participant_id) values(64,144);
INSERT INTO TEAM_MEMBER(team_id,participant_id) values(64,175);
INSERT INTO TEAM_MEMBER(team_id,participant_id) values(64,176);
INSERT INTO TEAM_MEMBER(team_id,participant_id) values(64,178);
INSERT INTO TEAM_MEMBER(team_id,participant_id) values(64,179);
INSERT INTO TEAM_MEMBER(team_id,participant_id) values(64,203);
INSERT INTO TEAM_MEMBER(team_id,participant_id) values(64,204);
INSERT INTO TEAM_MEMBER(team_id,participant_id) values(65,205);
INSERT INTO TEAM_MEMBER(team_id,participant_id) values(66,206);
INSERT INTO TEAM_MEMBER(team_id,participant_id) values(67,207);
INSERT INTO TEAM_MEMBER(team_id,participant_id) values(68,208);
INSERT INTO TEAM_MEMBER(team_id,participant_id) values(69,209);
INSERT INTO TEAM_MEMBER(team_id,participant_id) values(70,210);
INSERT INTO TEAM_MEMBER(team_id,participant_id) values(71,211);
INSERT INTO TEAM_MEMBER(team_id,participant_id) values(72,212);
INSERT INTO TEAM_MEMBER(team_id,participant_id) values(73,213);
INSERT INTO TEAM_MEMBER(team_id,participant_id) values(74,214);
INSERT INTO TEAM_MEMBER(team_id,participant_id) values(75,215);
INSERT INTO TEAM_MEMBER(team_id,participant_id) values(76,216);
INSERT INTO TEAM_MEMBER(team_id,participant_id) values(77,217);
INSERT INTO TEAM_MEMBER(team_id,participant_id) values(78,218);
INSERT INTO TEAM_MEMBER(team_id,participant_id) values(79,219);
INSERT INTO TEAM_MEMBER(team_id,participant_id) values(80,220);
INSERT INTO TEAM_MEMBER(team_id,participant_id) values(81,221);
INSERT INTO TEAM_MEMBER(team_id,participant_id) values(82,222);
INSERT INTO TEAM_MEMBER(team_id,participant_id) values(83,223);
INSERT INTO TEAM_MEMBER(team_id,participant_id) values(84,224);
INSERT INTO TEAM_MEMBER(team_id,participant_id) values(85,225);
INSERT INTO TEAM_MEMBER(team_id,participant_id) values(86,222);
INSERT INTO TEAM_MEMBER(team_id,participant_id) values(87,223);
INSERT INTO TEAM_MEMBER(team_id,participant_id) values(88,226);
INSERT INTO TEAM_MEMBER(team_id,participant_id) values(89,227);
INSERT INTO TEAM_MEMBER(team_id,participant_id) values(90,222);
INSERT INTO TEAM_MEMBER(team_id,participant_id) values(91,228);
INSERT INTO TEAM_MEMBER(team_id,participant_id) values(92,229);
INSERT INTO TEAM_MEMBER(team_id,participant_id) values(93,308);
INSERT INTO TEAM_MEMBER(team_id,participant_id) values(94,227);
INSERT INTO TEAM_MEMBER(team_id,participant_id) values(95,307);
INSERT INTO TEAM_MEMBER(team_id,participant_id) values(96,230);
INSERT INTO TEAM_MEMBER(team_id,participant_id) values(97,231);
INSERT INTO TEAM_MEMBER(team_id,participant_id) values(98,232);
INSERT INTO TEAM_MEMBER(team_id,participant_id) values(99,233);
INSERT INTO TEAM_MEMBER(team_id,participant_id) values(100,234);
INSERT INTO TEAM_MEMBER(team_id,participant_id) values(101,231);
INSERT INTO TEAM_MEMBER(team_id,participant_id) values(102,235);
INSERT INTO TEAM_MEMBER(team_id,participant_id) values(103,236);
INSERT INTO TEAM_MEMBER(team_id,participant_id) values(104,232);
INSERT INTO TEAM_MEMBER(team_id,participant_id) values(105,237);
INSERT INTO TEAM_MEMBER(team_id,participant_id) values(106,238);
INSERT INTO TEAM_MEMBER(team_id,participant_id) values(107,231);
INSERT INTO TEAM_MEMBER(team_id,participant_id) values(108,235);
INSERT INTO TEAM_MEMBER(team_id,participant_id) values(109,239);
INSERT INTO TEAM_MEMBER(team_id,participant_id) values(110,237);
INSERT INTO TEAM_MEMBER(team_id,participant_id) values(111,240);
INSERT INTO TEAM_MEMBER(team_id,participant_id) values(112,241);

--insert into MEDAL
INSERT INTO MEDAL(medal_id,medal_title,points) values(1,'Gold',3);
INSERT INTO MEDAL(medal_id,medal_title,points) values(2,'Silver',2);
INSERT INTO MEDAL(medal_id,medal_title,points) values(3,'Bronze',1);

--insert into VENUE
INSERT INTO VENUE(venue_id,olympics_id,venue_name,capacity) values(SEQ_VENUE.NEXTVAL,1,'Helliniko Olympic Indoor Arena',6);
INSERT INTO VENUE(venue_id,olympics_id,venue_name,capacity) values(SEQ_VENUE.NEXTVAL,2,'Wukesong Indoor Stadium',6);
INSERT INTO VENUE(venue_id,olympics_id,venue_name,capacity) values(SEQ_VENUE.NEXTVAL,3,'Olympic Park',6);
INSERT INTO VENUE(venue_id,olympics_id,venue_name,capacity) values(SEQ_VENUE.NEXTVAL,4,'Carioca Arena',6);
INSERT INTO VENUE(venue_id,olympics_id,venue_name,capacity) values(SEQ_VENUE.NEXTVAL,1,'Faliro Coastal Zone Olympic Complex',10);
INSERT INTO VENUE(venue_id,olympics_id,venue_name,capacity) values(SEQ_VENUE.NEXTVAL,2,'Chaoyang Park',10);
INSERT INTO VENUE(venue_id,olympics_id,venue_name,capacity) values(SEQ_VENUE.NEXTVAL,3,'Horse Guards Parade',10);
INSERT INTO VENUE(venue_id,olympics_id,venue_name,capacity) values(SEQ_VENUE.NEXTVAL,4,'Copacabana Stadium',10);
INSERT INTO VENUE(venue_id,olympics_id,venue_name,capacity) values(SEQ_VENUE.NEXTVAL,1,'Olympic Aquatic Centre',10);
INSERT INTO VENUE(venue_id,olympics_id,venue_name,capacity) values(SEQ_VENUE.NEXTVAL,2,'Ying Tung Natatorium',10);
INSERT INTO VENUE(venue_id,olympics_id,venue_name,capacity) values(SEQ_VENUE.NEXTVAL,3,'Water Polo Arena',10);
INSERT INTO VENUE(venue_id,olympics_id,venue_name,capacity) values(SEQ_VENUE.NEXTVAL,4,'Maria Lenk Aquatic Center',10);
INSERT INTO VENUE(venue_id,olympics_id,venue_name,capacity) values(SEQ_VENUE.NEXTVAL,1,'Panathinaiko Stadium',4);
INSERT INTO VENUE(venue_id,olympics_id,venue_name,capacity) values(SEQ_VENUE.NEXTVAL,2,'Olympic Green Archery Field',4);
INSERT INTO VENUE(venue_id,olympics_id,venue_name,capacity) values(SEQ_VENUE.NEXTVAL,3,'Lords Cricket Ground',4);
INSERT INTO VENUE(venue_id,olympics_id,venue_name,capacity) values(SEQ_VENUE.NEXTVAL,4,'Sambadrome Marques de Sapucai',4);
INSERT INTO VENUE(venue_id,olympics_id,venue_name,capacity) values(SEQ_VENUE.NEXTVAL,1,'Galatsi Olympic Hall',12);
INSERT INTO VENUE(venue_id,olympics_id,venue_name,capacity) values(SEQ_VENUE.NEXTVAL,2,'Peking University Gymnasium',12);
INSERT INTO VENUE(venue_id,olympics_id,venue_name,capacity) values(SEQ_VENUE.NEXTVAL,3,'ExCeL London',12);
INSERT INTO VENUE(venue_id,olympics_id,venue_name,capacity) values(SEQ_VENUE.NEXTVAL,4,'Riocentro Convention and Event Center',12);
INSERT INTO VENUE(venue_id,olympics_id,venue_name,capacity) values(SEQ_VENUE.NEXTVAL,1,'Helliniko Olympic Complex',8);
INSERT INTO VENUE(venue_id,olympics_id,venue_name,capacity) values(SEQ_VENUE.NEXTVAL,2,'Olympic Green Convvention Center',8);
INSERT INTO VENUE(venue_id,olympics_id,venue_name,capacity) values(SEQ_VENUE.NEXTVAL,3,'ExCeL London',8);
INSERT INTO VENUE(venue_id,olympics_id,venue_name,capacity) values(SEQ_VENUE.NEXTVAL,4,'Carioca Arena 3',8);

--insert into EVENT
INSERT INTO EVENT(event_id,sport_id,venue_id,gender,event_time) values(SEQ_EVENT.NEXTVAL,1,1,'m','13-AUG-2004');
INSERT INTO EVENT(event_id,sport_id,venue_id,gender,event_time) values(SEQ_EVENT.NEXTVAL,1,2,'m','10-AUG-2008');
INSERT INTO EVENT(event_id,sport_id,venue_id,gender,event_time) values(SEQ_EVENT.NEXTVAL,1,3,'m','27-JUL-2012');
INSERT INTO EVENT(event_id,sport_id,venue_id,gender,event_time) values(SEQ_EVENT.NEXTVAL,1,4,'m','06-AUG-2016');
INSERT INTO EVENT(event_id,sport_id,venue_id,gender,event_time) values(SEQ_EVENT.NEXTVAL,2,5,'f','14-AUG-2004');
INSERT INTO EVENT(event_id,sport_id,venue_id,gender,event_time) values(SEQ_EVENT.NEXTVAL,2,6,'f','09-AUG-2008');
INSERT INTO EVENT(event_id,sport_id,venue_id,gender,event_time) values(SEQ_EVENT.NEXTVAL,2,7,'f','28-JUL-2012');
INSERT INTO EVENT(event_id,sport_id,venue_id,gender,event_time) values(SEQ_EVENT.NEXTVAL,2,8,'f','06-AUG-2016');
INSERT INTO EVENT(event_id,sport_id,venue_id,gender,event_time) values(SEQ_EVENT.NEXTVAL,3,9,'m','13-AUG-2004');
INSERT INTO EVENT(event_id,sport_id,venue_id,gender,event_time) values(SEQ_EVENT.NEXTVAL,3,10,'m','10-AUG-2008');
INSERT INTO EVENT(event_id,sport_id,venue_id,gender,event_time) values(SEQ_EVENT.NEXTVAL,3,11,'m','29-JUL-2012');
INSERT INTO EVENT(event_id,sport_id,venue_id,gender,event_time) values(SEQ_EVENT.NEXTVAL,3,12,'m','06-AUG-2016');
INSERT INTO EVENT(event_id,sport_id,venue_id,gender,event_time) values(SEQ_EVENT.NEXTVAL,4,13,'m','13-AUG-2004');
INSERT INTO EVENT(event_id,sport_id,venue_id,gender,event_time) values(SEQ_EVENT.NEXTVAL,4,14,'m','09-AUG-2008');
INSERT INTO EVENT(event_id,sport_id,venue_id,gender,event_time) values(SEQ_EVENT.NEXTVAL,4,15,'m','27-JUL-2012');
INSERT INTO EVENT(event_id,sport_id,venue_id,gender,event_time) values(SEQ_EVENT.NEXTVAL,4,16,'m','12-AUG-2016');
INSERT INTO EVENT(event_id,sport_id,venue_id,gender,event_time) values(SEQ_EVENT.NEXTVAL,5,17,'m','14-AUG-2004');
INSERT INTO EVENT(event_id,sport_id,venue_id,gender,event_time) values(SEQ_EVENT.NEXTVAL,5,18,'m','19-AUG-2008');
INSERT INTO EVENT(event_id,sport_id,venue_id,gender,event_time) values(SEQ_EVENT.NEXTVAL,5,19,'m','02-AUG-2012');
INSERT INTO EVENT(event_id,sport_id,venue_id,gender,event_time) values(SEQ_EVENT.NEXTVAL,5,20,'m','06-AUG-2016');
INSERT INTO EVENT(event_id,sport_id,venue_id,gender,event_time) values(SEQ_EVENT.NEXTVAL,6,21,'f','18-AUG-2004');
INSERT INTO EVENT(event_id,sport_id,venue_id,gender,event_time) values(SEQ_EVENT.NEXTVAL,6,22,'f','11-AUG-2008');
INSERT INTO EVENT(event_id,sport_id,venue_id,gender,event_time) values(SEQ_EVENT.NEXTVAL,6,23,'f','28-JUL-2012');
INSERT INTO EVENT(event_id,sport_id,venue_id,gender,event_time) values(SEQ_EVENT.NEXTVAL,6,24,'f','10-AUG-2016');

--insert into EVENT_PARTICIPATION
INSERT INTO EVENT_PARTICIPATION(event_id,team_id,status) values(1,1,'e');
INSERT INTO EVENT_PARTICIPATION(event_id,team_id,status) values(1,2,'e');
INSERT INTO EVENT_PARTICIPATION(event_id,team_id,status) values(1,3,'e');
INSERT INTO EVENT_PARTICIPATION(event_id,team_id,status) values(1,4,'e');
INSERT INTO EVENT_PARTICIPATION(event_id,team_id,status) values(1,5,'e');
INSERT INTO EVENT_PARTICIPATION(event_id,team_id,status) values(1,6,'e');
INSERT INTO EVENT_PARTICIPATION(event_id,team_id,status) values(1,7,'e');
INSERT INTO EVENT_PARTICIPATION(event_id,team_id,status) values(1,8,'e');
INSERT INTO EVENT_PARTICIPATION(event_id,team_id,status) values(2,9,'e');
INSERT INTO EVENT_PARTICIPATION(event_id,team_id,status) values(2,10,'e');
INSERT INTO EVENT_PARTICIPATION(event_id,team_id,status) values(2,11,'e');
INSERT INTO EVENT_PARTICIPATION(event_id,team_id,status) values(2,12,'e');
INSERT INTO EVENT_PARTICIPATION(event_id,team_id,status) values(2,13,'e');
INSERT INTO EVENT_PARTICIPATION(event_id,team_id,status) values(2,14,'e');
INSERT INTO EVENT_PARTICIPATION(event_id,team_id,status) values(2,15,'e');
INSERT INTO EVENT_PARTICIPATION(event_id,team_id,status) values(2,16,'e');
INSERT INTO EVENT_PARTICIPATION(event_id,team_id,status) values(3,17,'e');
INSERT INTO EVENT_PARTICIPATION(event_id,team_id,status) values(3,18,'e');
INSERT INTO EVENT_PARTICIPATION(event_id,team_id,status) values(3,19,'e');
INSERT INTO EVENT_PARTICIPATION(event_id,team_id,status) values(3,20,'e');
INSERT INTO EVENT_PARTICIPATION(event_id,team_id,status) values(3,21,'e');
INSERT INTO EVENT_PARTICIPATION(event_id,team_id,status) values(3,22,'e');
INSERT INTO EVENT_PARTICIPATION(event_id,team_id,status) values(3,23,'e');
INSERT INTO EVENT_PARTICIPATION(event_id,team_id,status) values(3,24,'e');
INSERT INTO EVENT_PARTICIPATION(event_id,team_id,status) values(4,25,'e');
INSERT INTO EVENT_PARTICIPATION(event_id,team_id,status) values(4,26,'e');
INSERT INTO EVENT_PARTICIPATION(event_id,team_id,status) values(4,27,'e');
INSERT INTO EVENT_PARTICIPATION(event_id,team_id,status) values(4,28,'e');
INSERT INTO EVENT_PARTICIPATION(event_id,team_id,status) values(4,29,'e');
INSERT INTO EVENT_PARTICIPATION(event_id,team_id,status) values(4,30,'e');
INSERT INTO EVENT_PARTICIPATION(event_id,team_id,status) values(4,31,'e');
INSERT INTO EVENT_PARTICIPATION(event_id,team_id,status) values(4,32,'e');
INSERT INTO EVENT_PARTICIPATION(event_id,team_id,status) values(5,33,'e');
INSERT INTO EVENT_PARTICIPATION(event_id,team_id,status) values(5,34,'e');
INSERT INTO EVENT_PARTICIPATION(event_id,team_id,status) values(5,35,'e');
INSERT INTO EVENT_PARTICIPATION(event_id,team_id,status) values(5,36,'e');
INSERT INTO EVENT_PARTICIPATION(event_id,team_id,status) values(6,37,'e');
INSERT INTO EVENT_PARTICIPATION(event_id,team_id,status) values(6,38,'e');
INSERT INTO EVENT_PARTICIPATION(event_id,team_id,status) values(6,39,'e');
INSERT INTO EVENT_PARTICIPATION(event_id,team_id,status) values(6,40,'e');
INSERT INTO EVENT_PARTICIPATION(event_id,team_id,status) values(7,41,'e');
INSERT INTO EVENT_PARTICIPATION(event_id,team_id,status) values(7,42,'e');
INSERT INTO EVENT_PARTICIPATION(event_id,team_id,status) values(7,43,'e');
INSERT INTO EVENT_PARTICIPATION(event_id,team_id,status) values(7,44,'e');
INSERT INTO EVENT_PARTICIPATION(event_id,team_id,status) values(8,45,'e');
INSERT INTO EVENT_PARTICIPATION(event_id,team_id,status) values(8,46,'e');
INSERT INTO EVENT_PARTICIPATION(event_id,team_id,status) values(8,47,'e');
INSERT INTO EVENT_PARTICIPATION(event_id,team_id,status) values(8,48,'e');
INSERT INTO EVENT_PARTICIPATION(event_id,team_id,status) values(9,49,'e');
INSERT INTO EVENT_PARTICIPATION(event_id,team_id,status) values(9,50,'e');
INSERT INTO EVENT_PARTICIPATION(event_id,team_id,status) values(9,51,'e');
INSERT INTO EVENT_PARTICIPATION(event_id,team_id,status) values(9,52,'e');
INSERT INTO EVENT_PARTICIPATION(event_id,team_id,status) values(10,53,'e');
INSERT INTO EVENT_PARTICIPATION(event_id,team_id,status) values(10,54,'e');
INSERT INTO EVENT_PARTICIPATION(event_id,team_id,status) values(10,55,'e');
INSERT INTO EVENT_PARTICIPATION(event_id,team_id,status) values(10,56,'e');
INSERT INTO EVENT_PARTICIPATION(event_id,team_id,status) values(11,57,'e');
INSERT INTO EVENT_PARTICIPATION(event_id,team_id,status) values(11,58,'e');
INSERT INTO EVENT_PARTICIPATION(event_id,team_id,status) values(11,59,'e');
INSERT INTO EVENT_PARTICIPATION(event_id,team_id,status) values(11,60,'e');
INSERT INTO EVENT_PARTICIPATION(event_id,team_id,status) values(12,61,'e');
INSERT INTO EVENT_PARTICIPATION(event_id,team_id,status) values(12,62,'e');
INSERT INTO EVENT_PARTICIPATION(event_id,team_id,status) values(12,63,'e');
INSERT INTO EVENT_PARTICIPATION(event_id,team_id,status) values(12,64,'e');
INSERT INTO EVENT_PARTICIPATION(event_id,team_id,status) values(13,65,'e');
INSERT INTO EVENT_PARTICIPATION(event_id,team_id,status) values(13,66,'e');
INSERT INTO EVENT_PARTICIPATION(event_id,team_id,status) values(13,67,'e');
INSERT INTO EVENT_PARTICIPATION(event_id,team_id,status) values(13,68,'e');
INSERT INTO EVENT_PARTICIPATION(event_id,team_id,status) values(14,69,'e');
INSERT INTO EVENT_PARTICIPATION(event_id,team_id,status) values(14,70,'e');
INSERT INTO EVENT_PARTICIPATION(event_id,team_id,status) values(14,71,'e');
INSERT INTO EVENT_PARTICIPATION(event_id,team_id,status) values(14,72,'e');
INSERT INTO EVENT_PARTICIPATION(event_id,team_id,status) values(15,73,'e');
INSERT INTO EVENT_PARTICIPATION(event_id,team_id,status) values(15,74,'e');
INSERT INTO EVENT_PARTICIPATION(event_id,team_id,status) values(15,75,'e');
INSERT INTO EVENT_PARTICIPATION(event_id,team_id,status) values(15,76,'e');
INSERT INTO EVENT_PARTICIPATION(event_id,team_id,status) values(16,77,'e');
INSERT INTO EVENT_PARTICIPATION(event_id,team_id,status) values(16,78,'e');
INSERT INTO EVENT_PARTICIPATION(event_id,team_id,status) values(16,79,'e');
INSERT INTO EVENT_PARTICIPATION(event_id,team_id,status) values(16,80,'e');
INSERT INTO EVENT_PARTICIPATION(event_id,team_id,status) values(17,81,'e');
INSERT INTO EVENT_PARTICIPATION(event_id,team_id,status) values(17,82,'e');
INSERT INTO EVENT_PARTICIPATION(event_id,team_id,status) values(17,83,'e');
INSERT INTO EVENT_PARTICIPATION(event_id,team_id,status) values(17,84,'e');
INSERT INTO EVENT_PARTICIPATION(event_id,team_id,status) values(18,85,'e');
INSERT INTO EVENT_PARTICIPATION(event_id,team_id,status) values(18,86,'e');
INSERT INTO EVENT_PARTICIPATION(event_id,team_id,status) values(18,87,'e');
INSERT INTO EVENT_PARTICIPATION(event_id,team_id,status) values(18,88,'e');
INSERT INTO EVENT_PARTICIPATION(event_id,team_id,status) values(19,89,'e');
INSERT INTO EVENT_PARTICIPATION(event_id,team_id,status) values(19,90,'e');
INSERT INTO EVENT_PARTICIPATION(event_id,team_id,status) values(19,91,'e');
INSERT INTO EVENT_PARTICIPATION(event_id,team_id,status) values(19,92,'e');
INSERT INTO EVENT_PARTICIPATION(event_id,team_id,status) values(20,93,'e');
INSERT INTO EVENT_PARTICIPATION(event_id,team_id,status) values(20,94,'e');
INSERT INTO EVENT_PARTICIPATION(event_id,team_id,status) values(20,95,'e');
INSERT INTO EVENT_PARTICIPATION(event_id,team_id,status) values(20,96,'e');
INSERT INTO EVENT_PARTICIPATION(event_id,team_id,status) values(21,97,'e');
INSERT INTO EVENT_PARTICIPATION(event_id,team_id,status) values(21,98,'e');
INSERT INTO EVENT_PARTICIPATION(event_id,team_id,status) values(21,99,'e');
INSERT INTO EVENT_PARTICIPATION(event_id,team_id,status) values(21,100,'e');
INSERT INTO EVENT_PARTICIPATION(event_id,team_id,status) values(22,101,'e');
INSERT INTO EVENT_PARTICIPATION(event_id,team_id,status) values(22,102,'e');
INSERT INTO EVENT_PARTICIPATION(event_id,team_id,status) values(22,103,'e');
INSERT INTO EVENT_PARTICIPATION(event_id,team_id,status) values(22,104,'e');
INSERT INTO EVENT_PARTICIPATION(event_id,team_id,status) values(23,105,'e');
INSERT INTO EVENT_PARTICIPATION(event_id,team_id,status) values(23,106,'e');
INSERT INTO EVENT_PARTICIPATION(event_id,team_id,status) values(23,107,'e');
INSERT INTO EVENT_PARTICIPATION(event_id,team_id,status) values(23,108,'e');
INSERT INTO EVENT_PARTICIPATION(event_id,team_id,status) values(24,109,'e');
INSERT INTO EVENT_PARTICIPATION(event_id,team_id,status) values(24,110,'e');
INSERT INTO EVENT_PARTICIPATION(event_id,team_id,status) values(24,111,'e');
INSERT INTO EVENT_PARTICIPATION(event_id,team_id,status) values(24,112,'e');

--insert into SCOREBOARD
INSERT INTO SCOREBOARD(olympics_id,event_id,team_id,participant_id,position,medal_id) values(1,1,1,1,1,1);
INSERT INTO SCOREBOARD(olympics_id,event_id,team_id,participant_id,position,medal_id) values(1,1,1,2,1,1);
INSERT INTO SCOREBOARD(olympics_id,event_id,team_id,participant_id,position,medal_id) values(1,1,1,3,1,1);
INSERT INTO SCOREBOARD(olympics_id,event_id,team_id,participant_id,position,medal_id) values(1,1,1,4,1,1);
INSERT INTO SCOREBOARD(olympics_id,event_id,team_id,participant_id,position,medal_id) values(1,1,1,5,1,1);
INSERT INTO SCOREBOARD(olympics_id,event_id,team_id,participant_id,position,medal_id) values(1,1,2,6,2,2);
INSERT INTO SCOREBOARD(olympics_id,event_id,team_id,participant_id,position,medal_id) values(1,1,2,7,2,2);
INSERT INTO SCOREBOARD(olympics_id,event_id,team_id,participant_id,position,medal_id) values(1,1,2,8,2,2);
INSERT INTO SCOREBOARD(olympics_id,event_id,team_id,participant_id,position,medal_id) values(1,1,2,9,2,2);
INSERT INTO SCOREBOARD(olympics_id,event_id,team_id,participant_id,position,medal_id) values(1,1,2,10,2,2);
INSERT INTO SCOREBOARD(olympics_id,event_id,team_id,participant_id,position,medal_id) values(1,1,3,11,3,3);
INSERT INTO SCOREBOARD(olympics_id,event_id,team_id,participant_id,position,medal_id) values(1,1,3,12,3,3);
INSERT INTO SCOREBOARD(olympics_id,event_id,team_id,participant_id,position,medal_id) values(1,1,3,13,3,3);
INSERT INTO SCOREBOARD(olympics_id,event_id,team_id,participant_id,position,medal_id) values(1,1,3,14,3,3);
INSERT INTO SCOREBOARD(olympics_id,event_id,team_id,participant_id,position,medal_id) values(1,1,3,15,3,3);
INSERT INTO SCOREBOARD(olympics_id,event_id,team_id,participant_id,position,medal_id) values(1,1,4,16,4,4);
INSERT INTO SCOREBOARD(olympics_id,event_id,team_id,participant_id,position,medal_id) values(1,1,4,17,4,4);
INSERT INTO SCOREBOARD(olympics_id,event_id,team_id,participant_id,position,medal_id) values(1,1,4,18,4,4);
INSERT INTO SCOREBOARD(olympics_id,event_id,team_id,participant_id,position,medal_id) values(1,1,4,19,4,4);
INSERT INTO SCOREBOARD(olympics_id,event_id,team_id,participant_id,position,medal_id) values(1,1,4,20,4,4);
INSERT INTO SCOREBOARD(olympics_id,event_id,team_id,participant_id,position,medal_id) values(1,1,5,21,5,4);
INSERT INTO SCOREBOARD(olympics_id,event_id,team_id,participant_id,position,medal_id) values(1,1,5,22,5,4);
INSERT INTO SCOREBOARD(olympics_id,event_id,team_id,participant_id,position,medal_id) values(1,1,5,23,5,4);
INSERT INTO SCOREBOARD(olympics_id,event_id,team_id,participant_id,position,medal_id) values(1,1,5,24,5,4);
INSERT INTO SCOREBOARD(olympics_id,event_id,team_id,participant_id,position,medal_id) values(1,1,5,25,5,4);
INSERT INTO SCOREBOARD(olympics_id,event_id,team_id,participant_id,position,medal_id) values(1,1,6,26,6,4);
INSERT INTO SCOREBOARD(olympics_id,event_id,team_id,participant_id,position,medal_id) values(1,1,6,27,6,4);
INSERT INTO SCOREBOARD(olympics_id,event_id,team_id,participant_id,position,medal_id) values(1,1,6,28,6,4);
INSERT INTO SCOREBOARD(olympics_id,event_id,team_id,participant_id,position,medal_id) values(1,1,6,29,6,4);
INSERT INTO SCOREBOARD(olympics_id,event_id,team_id,participant_id,position,medal_id) values(1,1,6,30,6,4);
INSERT INTO SCOREBOARD(olympics_id,event_id,team_id,participant_id,position,medal_id) values(1,1,7,31,7,4);
INSERT INTO SCOREBOARD(olympics_id,event_id,team_id,participant_id,position,medal_id) values(1,1,7,32,7,4);
INSERT INTO SCOREBOARD(olympics_id,event_id,team_id,participant_id,position,medal_id) values(1,1,7,33,7,4);
INSERT INTO SCOREBOARD(olympics_id,event_id,team_id,participant_id,position,medal_id) values(1,1,7,34,7,4);
INSERT INTO SCOREBOARD(olympics_id,event_id,team_id,participant_id,position,medal_id) values(1,1,7,35,7,4);
INSERT INTO SCOREBOARD(olympics_id,event_id,team_id,participant_id,position,medal_id) values(1,1,8,36,8,4);
INSERT INTO SCOREBOARD(olympics_id,event_id,team_id,participant_id,position,medal_id) values(1,1,8,37,8,4);
INSERT INTO SCOREBOARD(olympics_id,event_id,team_id,participant_id,position,medal_id) values(1,1,8,38,8,4);
INSERT INTO SCOREBOARD(olympics_id,event_id,team_id,participant_id,position,medal_id) values(1,1,8,39,8,4);
INSERT INTO SCOREBOARD(olympics_id,event_id,team_id,participant_id,position,medal_id) values(1,1,8,40,8,4);
INSERT INTO SCOREBOARD(olympics_id,event_id,team_id,participant_id,position,medal_id) values(2,2,9,11,1,1);
INSERT INTO SCOREBOARD(olympics_id,event_id,team_id,participant_id,position,medal_id) values(2,2,9,13,1,1);
INSERT INTO SCOREBOARD(olympics_id,event_id,team_id,participant_id,position,medal_id) values(2,2,9,41,1,1);
INSERT INTO SCOREBOARD(olympics_id,event_id,team_id,participant_id,position,medal_id) values(2,2,9,42,1,1);
INSERT INTO SCOREBOARD(olympics_id,event_id,team_id,participant_id,position,medal_id) values(2,2,9,43,1,1);
INSERT INTO SCOREBOARD(olympics_id,event_id,team_id,participant_id,position,medal_id) values(2,2,10,32,2,2);
INSERT INTO SCOREBOARD(olympics_id,event_id,team_id,participant_id,position,medal_id) values(2,2,10,44,2,2);
INSERT INTO SCOREBOARD(olympics_id,event_id,team_id,participant_id,position,medal_id) values(2,2,10,45,2,2);
INSERT INTO SCOREBOARD(olympics_id,event_id,team_id,participant_id,position,medal_id) values(2,2,10,46,2,2);
INSERT INTO SCOREBOARD(olympics_id,event_id,team_id,participant_id,position,medal_id) values(2,2,10,47,2,2);
INSERT INTO SCOREBOARD(olympics_id,event_id,team_id,participant_id,position,medal_id) values(2,2,11,1,3,3);
INSERT INTO SCOREBOARD(olympics_id,event_id,team_id,participant_id,position,medal_id) values(2,2,11,5,3,3);
INSERT INTO SCOREBOARD(olympics_id,event_id,team_id,participant_id,position,medal_id) values(2,2,11,48,3,3);
INSERT INTO SCOREBOARD(olympics_id,event_id,team_id,participant_id,position,medal_id) values(2,2,11,49,3,3);
INSERT INTO SCOREBOARD(olympics_id,event_id,team_id,participant_id,position,medal_id) values(2,2,11,50,3,3);
INSERT INTO SCOREBOARD(olympics_id,event_id,team_id,participant_id,position,medal_id) values(2,2,12,16,4,4);
INSERT INTO SCOREBOARD(olympics_id,event_id,team_id,participant_id,position,medal_id) values(2,2,12,51,4,4);
INSERT INTO SCOREBOARD(olympics_id,event_id,team_id,participant_id,position,medal_id) values(2,2,12,52,4,4);
INSERT INTO SCOREBOARD(olympics_id,event_id,team_id,participant_id,position,medal_id) values(2,2,12,53,4,4);
INSERT INTO SCOREBOARD(olympics_id,event_id,team_id,participant_id,position,medal_id) values(2,2,12,54,4,4);
INSERT INTO SCOREBOARD(olympics_id,event_id,team_id,participant_id,position,medal_id) values(2,2,13,22,5,4);
INSERT INTO SCOREBOARD(olympics_id,event_id,team_id,participant_id,position,medal_id) values(2,2,13,24,5,4);
INSERT INTO SCOREBOARD(olympics_id,event_id,team_id,participant_id,position,medal_id) values(2,2,13,55,5,4);
INSERT INTO SCOREBOARD(olympics_id,event_id,team_id,participant_id,position,medal_id) values(2,2,13,56,5,4);
INSERT INTO SCOREBOARD(olympics_id,event_id,team_id,participant_id,position,medal_id) values(2,2,13,57,5,4);
INSERT INTO SCOREBOARD(olympics_id,event_id,team_id,participant_id,position,medal_id) values(2,2,14,58,6,4);
INSERT INTO SCOREBOARD(olympics_id,event_id,team_id,participant_id,position,medal_id) values(2,2,14,59,6,4);
INSERT INTO SCOREBOARD(olympics_id,event_id,team_id,participant_id,position,medal_id) values(2,2,14,60,6,4);
INSERT INTO SCOREBOARD(olympics_id,event_id,team_id,participant_id,position,medal_id) values(2,2,14,61,6,4);
INSERT INTO SCOREBOARD(olympics_id,event_id,team_id,participant_id,position,medal_id) values(2,2,14,62,6,4);
INSERT INTO SCOREBOARD(olympics_id,event_id,team_id,participant_id,position,medal_id) values(2,2,15,63,7,4);
INSERT INTO SCOREBOARD(olympics_id,event_id,team_id,participant_id,position,medal_id) values(2,2,15,64,7,4);
INSERT INTO SCOREBOARD(olympics_id,event_id,team_id,participant_id,position,medal_id) values(2,2,15,65,7,4);
INSERT INTO SCOREBOARD(olympics_id,event_id,team_id,participant_id,position,medal_id) values(2,2,15,66,7,4);
INSERT INTO SCOREBOARD(olympics_id,event_id,team_id,participant_id,position,medal_id) values(2,2,15,67,7,4);
INSERT INTO SCOREBOARD(olympics_id,event_id,team_id,participant_id,position,medal_id) values(2,2,16,38,8,4);
INSERT INTO SCOREBOARD(olympics_id,event_id,team_id,participant_id,position,medal_id) values(2,2,16,40,8,4);
INSERT INTO SCOREBOARD(olympics_id,event_id,team_id,participant_id,position,medal_id) values(2,2,16,68,8,4);
INSERT INTO SCOREBOARD(olympics_id,event_id,team_id,participant_id,position,medal_id) values(2,2,16,69,8,4);
INSERT INTO SCOREBOARD(olympics_id,event_id,team_id,participant_id,position,medal_id) values(2,2,16,70,8,4);
INSERT INTO SCOREBOARD(olympics_id,event_id,team_id,participant_id,position,medal_id) values(3,3,17,13,1,1);
INSERT INTO SCOREBOARD(olympics_id,event_id,team_id,participant_id,position,medal_id) values(3,3,17,43,1,1);
INSERT INTO SCOREBOARD(olympics_id,event_id,team_id,participant_id,position,medal_id) values(3,3,17,42,1,1);
INSERT INTO SCOREBOARD(olympics_id,event_id,team_id,participant_id,position,medal_id) values(3,3,17,11,1,1);
INSERT INTO SCOREBOARD(olympics_id,event_id,team_id,participant_id,position,medal_id) values(3,3,17,71,1,1);
INSERT INTO SCOREBOARD(olympics_id,event_id,team_id,participant_id,position,medal_id) values(3,3,18,32,2,2);
INSERT INTO SCOREBOARD(olympics_id,event_id,team_id,participant_id,position,medal_id) values(3,3,18,44,2,2);
INSERT INTO SCOREBOARD(olympics_id,event_id,team_id,participant_id,position,medal_id) values(3,3,18,45,2,2);
INSERT INTO SCOREBOARD(olympics_id,event_id,team_id,participant_id,position,medal_id) values(3,3,18,46,2,2);
INSERT INTO SCOREBOARD(olympics_id,event_id,team_id,participant_id,position,medal_id) values(3,3,18,72,2,2);
INSERT INTO SCOREBOARD(olympics_id,event_id,team_id,participant_id,position,medal_id) values(3,3,19,73,3,3);
INSERT INTO SCOREBOARD(olympics_id,event_id,team_id,participant_id,position,medal_id) values(3,3,19,74,3,3);
INSERT INTO SCOREBOARD(olympics_id,event_id,team_id,participant_id,position,medal_id) values(3,3,19,75,3,3);
INSERT INTO SCOREBOARD(olympics_id,event_id,team_id,participant_id,position,medal_id) values(3,3,19,76,3,3);
INSERT INTO SCOREBOARD(olympics_id,event_id,team_id,participant_id,position,medal_id) values(3,3,19,77,3,3);
INSERT INTO SCOREBOARD(olympics_id,event_id,team_id,participant_id,position,medal_id) values(3,3,20,1,4,4);
INSERT INTO SCOREBOARD(olympics_id,event_id,team_id,participant_id,position,medal_id) values(3,3,20,48,4,4);
INSERT INTO SCOREBOARD(olympics_id,event_id,team_id,participant_id,position,medal_id) values(3,3,20,4,4,4);
INSERT INTO SCOREBOARD(olympics_id,event_id,team_id,participant_id,position,medal_id) values(3,3,20,49,4,4);
INSERT INTO SCOREBOARD(olympics_id,event_id,team_id,participant_id,position,medal_id) values(3,3,20,78,4,4);
INSERT INTO SCOREBOARD(olympics_id,event_id,team_id,participant_id,position,medal_id) values(3,3,21,79,5,4);
INSERT INTO SCOREBOARD(olympics_id,event_id,team_id,participant_id,position,medal_id) values(3,3,21,80,5,4);
INSERT INTO SCOREBOARD(olympics_id,event_id,team_id,participant_id,position,medal_id) values(3,3,21,81,5,4);
INSERT INTO SCOREBOARD(olympics_id,event_id,team_id,participant_id,position,medal_id) values(3,3,21,82,5,4);
INSERT INTO SCOREBOARD(olympics_id,event_id,team_id,participant_id,position,medal_id) values(3,3,21,83,5,4);
INSERT INTO SCOREBOARD(olympics_id,event_id,team_id,participant_id,position,medal_id) values(3,3,22,84,6,4);
INSERT INTO SCOREBOARD(olympics_id,event_id,team_id,participant_id,position,medal_id) values(3,3,22,85,6,4);
INSERT INTO SCOREBOARD(olympics_id,event_id,team_id,participant_id,position,medal_id) values(3,3,22,86,6,4);
INSERT INTO SCOREBOARD(olympics_id,event_id,team_id,participant_id,position,medal_id) values(3,3,22,87,6,4);
INSERT INTO SCOREBOARD(olympics_id,event_id,team_id,participant_id,position,medal_id) values(3,3,22,88,6,4);
INSERT INTO SCOREBOARD(olympics_id,event_id,team_id,participant_id,position,medal_id) values(3,3,23,67,7,4);
INSERT INTO SCOREBOARD(olympics_id,event_id,team_id,participant_id,position,medal_id) values(3,3,23,65,7,4);
INSERT INTO SCOREBOARD(olympics_id,event_id,team_id,participant_id,position,medal_id) values(3,3,23,63,7,4);
INSERT INTO SCOREBOARD(olympics_id,event_id,team_id,participant_id,position,medal_id) values(3,3,23,89,7,4);
INSERT INTO SCOREBOARD(olympics_id,event_id,team_id,participant_id,position,medal_id) values(3,3,23,90,7,4);
INSERT INTO SCOREBOARD(olympics_id,event_id,team_id,participant_id,position,medal_id) values(3,3,24,51,8,4);
INSERT INTO SCOREBOARD(olympics_id,event_id,team_id,participant_id,position,medal_id) values(3,3,24,52,8,4);
INSERT INTO SCOREBOARD(olympics_id,event_id,team_id,participant_id,position,medal_id) values(3,3,24,54,8,4);
INSERT INTO SCOREBOARD(olympics_id,event_id,team_id,participant_id,position,medal_id) values(3,3,24,19,8,4);
INSERT INTO SCOREBOARD(olympics_id,event_id,team_id,participant_id,position,medal_id) values(3,3,24,91,8,4);
INSERT INTO SCOREBOARD(olympics_id,event_id,team_id,participant_id,position,medal_id) values(4,4,25,71,1,1);
INSERT INTO SCOREBOARD(olympics_id,event_id,team_id,participant_id,position,medal_id) values(4,4,25,11,1,1);
INSERT INTO SCOREBOARD(olympics_id,event_id,team_id,participant_id,position,medal_id) values(4,4,25,92,1,1);
INSERT INTO SCOREBOARD(olympics_id,event_id,team_id,participant_id,position,medal_id) values(4,4,25,93,1,1);
INSERT INTO SCOREBOARD(olympics_id,event_id,team_id,participant_id,position,medal_id) values(4,4,25,94,1,1);
INSERT INTO SCOREBOARD(olympics_id,event_id,team_id,participant_id,position,medal_id) values(4,4,26,95,2,2);
INSERT INTO SCOREBOARD(olympics_id,event_id,team_id,participant_id,position,medal_id) values(4,4,26,96,2,2);
INSERT INTO SCOREBOARD(olympics_id,event_id,team_id,participant_id,position,medal_id) values(4,4,26,97,2,2);
INSERT INTO SCOREBOARD(olympics_id,event_id,team_id,participant_id,position,medal_id) values(4,4,26,98,2,2);
INSERT INTO SCOREBOARD(olympics_id,event_id,team_id,participant_id,position,medal_id) values(4,4,26,99,2,2);
INSERT INTO SCOREBOARD(olympics_id,event_id,team_id,participant_id,position,medal_id) values(4,4,27,32,3,3);
INSERT INTO SCOREBOARD(olympics_id,event_id,team_id,participant_id,position,medal_id) values(4,4,27,44,3,3);
INSERT INTO SCOREBOARD(olympics_id,event_id,team_id,participant_id,position,medal_id) values(4,4,27,45,3,3);
INSERT INTO SCOREBOARD(olympics_id,event_id,team_id,participant_id,position,medal_id) values(4,4,27,46,3,3);
INSERT INTO SCOREBOARD(olympics_id,event_id,team_id,participant_id,position,medal_id) values(4,4,27,72,3,3);
INSERT INTO SCOREBOARD(olympics_id,event_id,team_id,participant_id,position,medal_id) values(4,4,28,67,4,4);
INSERT INTO SCOREBOARD(olympics_id,event_id,team_id,participant_id,position,medal_id) values(4,4,28,63,4,4);
INSERT INTO SCOREBOARD(olympics_id,event_id,team_id,participant_id,position,medal_id) values(4,4,28,90,4,4);
INSERT INTO SCOREBOARD(olympics_id,event_id,team_id,participant_id,position,medal_id) values(4,4,28,100,4,4);
INSERT INTO SCOREBOARD(olympics_id,event_id,team_id,participant_id,position,medal_id) values(4,4,28,101,4,4);
INSERT INTO SCOREBOARD(olympics_id,event_id,team_id,participant_id,position,medal_id) values(4,4,29,102,5,4);
INSERT INTO SCOREBOARD(olympics_id,event_id,team_id,participant_id,position,medal_id) values(4,4,29,103,5,4);
INSERT INTO SCOREBOARD(olympics_id,event_id,team_id,participant_id,position,medal_id) values(4,4,29,104,5,4);
INSERT INTO SCOREBOARD(olympics_id,event_id,team_id,participant_id,position,medal_id) values(4,4,29,105,5,4);
INSERT INTO SCOREBOARD(olympics_id,event_id,team_id,participant_id,position,medal_id) values(4,4,29,106,6,4);
INSERT INTO SCOREBOARD(olympics_id,event_id,team_id,participant_id,position,medal_id) values(4,4,30,84,6,4);
INSERT INTO SCOREBOARD(olympics_id,event_id,team_id,participant_id,position,medal_id) values(4,4,30,87,6,4);
INSERT INTO SCOREBOARD(olympics_id,event_id,team_id,participant_id,position,medal_id) values(4,4,30,88,6,4);
INSERT INTO SCOREBOARD(olympics_id,event_id,team_id,participant_id,position,medal_id) values(4,4,30,107,6,4);
INSERT INTO SCOREBOARD(olympics_id,event_id,team_id,participant_id,position,medal_id) values(4,4,30,108,6,4);
INSERT INTO SCOREBOARD(olympics_id,event_id,team_id,participant_id,position,medal_id) values(4,4,31,91,7,4);
INSERT INTO SCOREBOARD(olympics_id,event_id,team_id,participant_id,position,medal_id) values(4,4,31,54,7,4);
INSERT INTO SCOREBOARD(olympics_id,event_id,team_id,participant_id,position,medal_id) values(4,4,31,16,7,4);
INSERT INTO SCOREBOARD(olympics_id,event_id,team_id,participant_id,position,medal_id) values(4,4,31,109,7,4);
INSERT INTO SCOREBOARD(olympics_id,event_id,team_id,participant_id,position,medal_id) values(4,4,31,110,8,4);
INSERT INTO SCOREBOARD(olympics_id,event_id,team_id,participant_id,position,medal_id) values(4,4,32,1,8,4);
INSERT INTO SCOREBOARD(olympics_id,event_id,team_id,participant_id,position,medal_id) values(4,4,32,4,8,4);
INSERT INTO SCOREBOARD(olympics_id,event_id,team_id,participant_id,position,medal_id) values(4,4,32,78,8,4);
INSERT INTO SCOREBOARD(olympics_id,event_id,team_id,participant_id,position,medal_id) values(4,4,32,111,8,4);
INSERT INTO SCOREBOARD(olympics_id,event_id,team_id,participant_id,position,medal_id) values(4,4,32,112,8,4);
INSERT INTO SCOREBOARD(olympics_id,event_id,team_id,participant_id,position,medal_id) values(1,5,33,113,1,1);
INSERT INTO SCOREBOARD(olympics_id,event_id,team_id,participant_id,position,medal_id) values(1,5,33,114,1,1);
INSERT INTO SCOREBOARD(olympics_id,event_id,team_id,participant_id,position,medal_id) values(1,5,34,115,2,2);
INSERT INTO SCOREBOARD(olympics_id,event_id,team_id,participant_id,position,medal_id) values(1,5,34,116,2,2);
INSERT INTO SCOREBOARD(olympics_id,event_id,team_id,participant_id,position,medal_id) values(1,5,35,117,3,3);
INSERT INTO SCOREBOARD(olympics_id,event_id,team_id,participant_id,position,medal_id) values(1,5,35,118,3,3);
INSERT INTO SCOREBOARD(olympics_id,event_id,team_id,participant_id,position,medal_id) values(1,5,36,119,4,4);
INSERT INTO SCOREBOARD(olympics_id,event_id,team_id,participant_id,position,medal_id) values(1,5,36,120,4,4);
INSERT INTO SCOREBOARD(olympics_id,event_id,team_id,participant_id,position,medal_id) values(2,6,37,113,1,1);
INSERT INTO SCOREBOARD(olympics_id,event_id,team_id,participant_id,position,medal_id) values(2,6,37,114,1,1);
INSERT INTO SCOREBOARD(olympics_id,event_id,team_id,participant_id,position,medal_id) values(2,6,38,121,2,2);
INSERT INTO SCOREBOARD(olympics_id,event_id,team_id,participant_id,position,medal_id) values(2,6,38,122,2,2);
INSERT INTO SCOREBOARD(olympics_id,event_id,team_id,participant_id,position,medal_id) values(2,6,39,123,3,3);
INSERT INTO SCOREBOARD(olympics_id,event_id,team_id,participant_id,position,medal_id) values(2,6,39,124,3,3);
INSERT INTO SCOREBOARD(olympics_id,event_id,team_id,participant_id,position,medal_id) values(2,6,40,125,4,4);
INSERT INTO SCOREBOARD(olympics_id,event_id,team_id,participant_id,position,medal_id) values(2,6,40,126,4,4);
INSERT INTO SCOREBOARD(olympics_id,event_id,team_id,participant_id,position,medal_id) values(3,7,41,113,1,1);
INSERT INTO SCOREBOARD(olympics_id,event_id,team_id,participant_id,position,medal_id) values(3,7,41,114,1,1);
INSERT INTO SCOREBOARD(olympics_id,event_id,team_id,participant_id,position,medal_id) values(3,7,42,127,2,2);
INSERT INTO SCOREBOARD(olympics_id,event_id,team_id,participant_id,position,medal_id) values(3,7,42,128,2,2);
INSERT INTO SCOREBOARD(olympics_id,event_id,team_id,participant_id,position,medal_id) values(3,7,43,129,3,3);
INSERT INTO SCOREBOARD(olympics_id,event_id,team_id,participant_id,position,medal_id) values(3,7,43,130,3,3);
INSERT INTO SCOREBOARD(olympics_id,event_id,team_id,participant_id,position,medal_id) values(3,7,44,123,4,4);
INSERT INTO SCOREBOARD(olympics_id,event_id,team_id,participant_id,position,medal_id) values(3,7,44,124,4,4);
INSERT INTO SCOREBOARD(olympics_id,event_id,team_id,participant_id,position,medal_id) values(4,8,45,131,1,1);
INSERT INTO SCOREBOARD(olympics_id,event_id,team_id,participant_id,position,medal_id) values(4,8,45,132,1,1);
INSERT INTO SCOREBOARD(olympics_id,event_id,team_id,participant_id,position,medal_id) values(4,8,46,133,2,2);
INSERT INTO SCOREBOARD(olympics_id,event_id,team_id,participant_id,position,medal_id) values(4,8,46,134,2,2);
INSERT INTO SCOREBOARD(olympics_id,event_id,team_id,participant_id,position,medal_id) values(4,8,47,113,3,3);
INSERT INTO SCOREBOARD(olympics_id,event_id,team_id,participant_id,position,medal_id) values(4,8,47,127,3,3);
INSERT INTO SCOREBOARD(olympics_id,event_id,team_id,participant_id,position,medal_id) values(4,8,48,130,4,4);
INSERT INTO SCOREBOARD(olympics_id,event_id,team_id,participant_id,position,medal_id) values(4,8,48,125,4,4);
INSERT INTO SCOREBOARD(olympics_id,event_id,team_id,participant_id,position,medal_id) values(1,9,49,135,1,1);
INSERT INTO SCOREBOARD(olympics_id,event_id,team_id,participant_id,position,medal_id) values(1,9,49,136,1,1);
INSERT INTO SCOREBOARD(olympics_id,event_id,team_id,participant_id,position,medal_id) values(1,9,49,137,1,1);
INSERT INTO SCOREBOARD(olympics_id,event_id,team_id,participant_id,position,medal_id) values(1,9,49,138,1,1);
INSERT INTO SCOREBOARD(olympics_id,event_id,team_id,participant_id,position,medal_id) values(1,9,49,139,1,1);
INSERT INTO SCOREBOARD(olympics_id,event_id,team_id,participant_id,position,medal_id) values(1,9,49,140,1,1);
INSERT INTO SCOREBOARD(olympics_id,event_id,team_id,participant_id,position,medal_id) values(1,9,49,141,1,1);
INSERT INTO SCOREBOARD(olympics_id,event_id,team_id,participant_id,position,medal_id) values(1,9,50,142,2,2);
INSERT INTO SCOREBOARD(olympics_id,event_id,team_id,participant_id,position,medal_id) values(1,9,50,143,2,2);
INSERT INTO SCOREBOARD(olympics_id,event_id,team_id,participant_id,position,medal_id) values(1,9,50,144,2,2);
INSERT INTO SCOREBOARD(olympics_id,event_id,team_id,participant_id,position,medal_id) values(1,9,50,145,2,2);
INSERT INTO SCOREBOARD(olympics_id,event_id,team_id,participant_id,position,medal_id) values(1,9,50,146,2,2);
INSERT INTO SCOREBOARD(olympics_id,event_id,team_id,participant_id,position,medal_id) values(1,9,50,147,2,2);
INSERT INTO SCOREBOARD(olympics_id,event_id,team_id,participant_id,position,medal_id) values(1,9,50,148,2,2);
INSERT INTO SCOREBOARD(olympics_id,event_id,team_id,participant_id,position,medal_id) values(1,9,51,149,3,3);
INSERT INTO SCOREBOARD(olympics_id,event_id,team_id,participant_id,position,medal_id) values(1,9,51,150,3,3);
INSERT INTO SCOREBOARD(olympics_id,event_id,team_id,participant_id,position,medal_id) values(1,9,51,151,3,3);
INSERT INTO SCOREBOARD(olympics_id,event_id,team_id,participant_id,position,medal_id) values(1,9,51,152,3,3);
INSERT INTO SCOREBOARD(olympics_id,event_id,team_id,participant_id,position,medal_id) values(1,9,51,153,3,3);
INSERT INTO SCOREBOARD(olympics_id,event_id,team_id,participant_id,position,medal_id) values(1,9,51,154,3,3);
INSERT INTO SCOREBOARD(olympics_id,event_id,team_id,participant_id,position,medal_id) values(1,9,51,155,3,3);
INSERT INTO SCOREBOARD(olympics_id,event_id,team_id,participant_id,position,medal_id) values(1,9,52,156,4,4);
INSERT INTO SCOREBOARD(olympics_id,event_id,team_id,participant_id,position,medal_id) values(1,9,52,157,4,4);
INSERT INTO SCOREBOARD(olympics_id,event_id,team_id,participant_id,position,medal_id) values(1,9,52,158,4,4);
INSERT INTO SCOREBOARD(olympics_id,event_id,team_id,participant_id,position,medal_id) values(1,9,52,159,4,4);
INSERT INTO SCOREBOARD(olympics_id,event_id,team_id,participant_id,position,medal_id) values(1,9,52,160,4,4);
INSERT INTO SCOREBOARD(olympics_id,event_id,team_id,participant_id,position,medal_id) values(1,9,52,161,4,4);
INSERT INTO SCOREBOARD(olympics_id,event_id,team_id,participant_id,position,medal_id) values(1,9,52,162,4,4);
INSERT INTO SCOREBOARD(olympics_id,event_id,team_id,participant_id,position,medal_id) values(2,10,53,135,1,1);
INSERT INTO SCOREBOARD(olympics_id,event_id,team_id,participant_id,position,medal_id) values(2,10,53,138,1,1);
INSERT INTO SCOREBOARD(olympics_id,event_id,team_id,participant_id,position,medal_id) values(2,10,53,137,1,1);
INSERT INTO SCOREBOARD(olympics_id,event_id,team_id,participant_id,position,medal_id) values(2,10,53,139,1,1);
INSERT INTO SCOREBOARD(olympics_id,event_id,team_id,participant_id,position,medal_id) values(2,10,53,141,1,1);
INSERT INTO SCOREBOARD(olympics_id,event_id,team_id,participant_id,position,medal_id) values(2,10,53,163,1,1);
INSERT INTO SCOREBOARD(olympics_id,event_id,team_id,participant_id,position,medal_id) values(2,10,53,164,1,1);
INSERT INTO SCOREBOARD(olympics_id,event_id,team_id,participant_id,position,medal_id) values(2,10,54,165,2,2);
INSERT INTO SCOREBOARD(olympics_id,event_id,team_id,participant_id,position,medal_id) values(2,10,54,166,2,2);
INSERT INTO SCOREBOARD(olympics_id,event_id,team_id,participant_id,position,medal_id) values(2,10,54,167,2,2);
INSERT INTO SCOREBOARD(olympics_id,event_id,team_id,participant_id,position,medal_id) values(2,10,54,168,2,2);
INSERT INTO SCOREBOARD(olympics_id,event_id,team_id,participant_id,position,medal_id) values(2,10,54,169,2,2);
INSERT INTO SCOREBOARD(olympics_id,event_id,team_id,participant_id,position,medal_id) values(2,10,54,170,2,2);
INSERT INTO SCOREBOARD(olympics_id,event_id,team_id,participant_id,position,medal_id) values(2,10,54,171,2,2);
INSERT INTO SCOREBOARD(olympics_id,event_id,team_id,participant_id,position,medal_id) values(2,10,55,146,3,3);
INSERT INTO SCOREBOARD(olympics_id,event_id,team_id,participant_id,position,medal_id) values(2,10,55,147,3,3);
INSERT INTO SCOREBOARD(olympics_id,event_id,team_id,participant_id,position,medal_id) values(2,10,55,148,3,3);
INSERT INTO SCOREBOARD(olympics_id,event_id,team_id,participant_id,position,medal_id) values(2,10,55,142,3,3);
INSERT INTO SCOREBOARD(olympics_id,event_id,team_id,participant_id,position,medal_id) values(2,10,55,172,3,3);
INSERT INTO SCOREBOARD(olympics_id,event_id,team_id,participant_id,position,medal_id) values(2,10,55,173,3,3);
INSERT INTO SCOREBOARD(olympics_id,event_id,team_id,participant_id,position,medal_id) values(2,10,55,174,3,3);
INSERT INTO SCOREBOARD(olympics_id,event_id,team_id,participant_id,position,medal_id) values(2,10,56,143,4,4);
INSERT INTO SCOREBOARD(olympics_id,event_id,team_id,participant_id,position,medal_id) values(2,10,56,144,4,4);
INSERT INTO SCOREBOARD(olympics_id,event_id,team_id,participant_id,position,medal_id) values(2,10,56,175,4,4);
INSERT INTO SCOREBOARD(olympics_id,event_id,team_id,participant_id,position,medal_id) values(2,10,56,176,4,4);
INSERT INTO SCOREBOARD(olympics_id,event_id,team_id,participant_id,position,medal_id) values(2,10,56,177,4,4);
INSERT INTO SCOREBOARD(olympics_id,event_id,team_id,participant_id,position,medal_id) values(2,10,56,178,4,4);
INSERT INTO SCOREBOARD(olympics_id,event_id,team_id,participant_id,position,medal_id) values(2,10,56,179,4,4);
INSERT INTO SCOREBOARD(olympics_id,event_id,team_id,participant_id,position,medal_id) values(3,11,57,180,1,1);
INSERT INTO SCOREBOARD(olympics_id,event_id,team_id,participant_id,position,medal_id) values(3,11,57,181,1,1);
INSERT INTO SCOREBOARD(olympics_id,event_id,team_id,participant_id,position,medal_id) values(3,11,57,182,1,1);
INSERT INTO SCOREBOARD(olympics_id,event_id,team_id,participant_id,position,medal_id) values(3,11,57,183,1,1);
INSERT INTO SCOREBOARD(olympics_id,event_id,team_id,participant_id,position,medal_id) values(3,11,57,184,1,1);
INSERT INTO SCOREBOARD(olympics_id,event_id,team_id,participant_id,position,medal_id) values(3,11,57,185,1,1);
INSERT INTO SCOREBOARD(olympics_id,event_id,team_id,participant_id,position,medal_id) values(3,11,57,186,1,1);
INSERT INTO SCOREBOARD(olympics_id,event_id,team_id,participant_id,position,medal_id) values(3,11,58,187,2,2);
INSERT INTO SCOREBOARD(olympics_id,event_id,team_id,participant_id,position,medal_id) values(3,11,58,188,2,2);
INSERT INTO SCOREBOARD(olympics_id,event_id,team_id,participant_id,position,medal_id) values(3,11,58,189,2,2);
INSERT INTO SCOREBOARD(olympics_id,event_id,team_id,participant_id,position,medal_id) values(3,11,58,190,2,2);
INSERT INTO SCOREBOARD(olympics_id,event_id,team_id,participant_id,position,medal_id) values(3,11,58,191,2,2);
INSERT INTO SCOREBOARD(olympics_id,event_id,team_id,participant_id,position,medal_id) values(3,11,58,192,2,2);
INSERT INTO SCOREBOARD(olympics_id,event_id,team_id,participant_id,position,medal_id) values(3,11,58,193,2,2);
INSERT INTO SCOREBOARD(olympics_id,event_id,team_id,participant_id,position,medal_id) values(3,11,59,145,3,3);
INSERT INTO SCOREBOARD(olympics_id,event_id,team_id,participant_id,position,medal_id) values(3,11,59,174,3,3);
INSERT INTO SCOREBOARD(olympics_id,event_id,team_id,participant_id,position,medal_id) values(3,11,59,148,3,3);
INSERT INTO SCOREBOARD(olympics_id,event_id,team_id,participant_id,position,medal_id) values(3,11,59,172,3,3);
INSERT INTO SCOREBOARD(olympics_id,event_id,team_id,participant_id,position,medal_id) values(3,11,59,194,3,3);
INSERT INTO SCOREBOARD(olympics_id,event_id,team_id,participant_id,position,medal_id) values(3,11,59,195,3,3);
INSERT INTO SCOREBOARD(olympics_id,event_id,team_id,participant_id,position,medal_id) values(3,11,59,196,3,3);
INSERT INTO SCOREBOARD(olympics_id,event_id,team_id,participant_id,position,medal_id) values(3,11,60,147,4,4);
INSERT INTO SCOREBOARD(olympics_id,event_id,team_id,participant_id,position,medal_id) values(3,11,60,143,4,4);
INSERT INTO SCOREBOARD(olympics_id,event_id,team_id,participant_id,position,medal_id) values(3,11,60,144,4,4);
INSERT INTO SCOREBOARD(olympics_id,event_id,team_id,participant_id,position,medal_id) values(3,11,60,175,4,4);
INSERT INTO SCOREBOARD(olympics_id,event_id,team_id,participant_id,position,medal_id) values(3,11,60,176,4,4);
INSERT INTO SCOREBOARD(olympics_id,event_id,team_id,participant_id,position,medal_id) values(3,11,60,177,4,4);
INSERT INTO SCOREBOARD(olympics_id,event_id,team_id,participant_id,position,medal_id) values(3,11,60,178,4,4);
INSERT INTO SCOREBOARD(olympics_id,event_id,team_id,participant_id,position,medal_id) values(4,12,61,172,1,1);
INSERT INTO SCOREBOARD(olympics_id,event_id,team_id,participant_id,position,medal_id) values(4,12,61,145,1,1);
INSERT INTO SCOREBOARD(olympics_id,event_id,team_id,participant_id,position,medal_id) values(4,12,61,194,1,1);
INSERT INTO SCOREBOARD(olympics_id,event_id,team_id,participant_id,position,medal_id) values(4,12,61,195,1,1);
INSERT INTO SCOREBOARD(olympics_id,event_id,team_id,participant_id,position,medal_id) values(4,12,61,196,1,1);
INSERT INTO SCOREBOARD(olympics_id,event_id,team_id,participant_id,position,medal_id) values(4,12,61,197,1,1);
INSERT INTO SCOREBOARD(olympics_id,event_id,team_id,participant_id,position,medal_id) values(4,12,61,198,1,1);
INSERT INTO SCOREBOARD(olympics_id,event_id,team_id,participant_id,position,medal_id) values(4,12,62,180,2,2);
INSERT INTO SCOREBOARD(olympics_id,event_id,team_id,participant_id,position,medal_id) values(4,12,62,181,2,2);
INSERT INTO SCOREBOARD(olympics_id,event_id,team_id,participant_id,position,medal_id) values(4,12,62,182,2,2);
INSERT INTO SCOREBOARD(olympics_id,event_id,team_id,participant_id,position,medal_id) values(4,12,62,183,2,2);
INSERT INTO SCOREBOARD(olympics_id,event_id,team_id,participant_id,position,medal_id) values(4,12,62,184,2,2);
INSERT INTO SCOREBOARD(olympics_id,event_id,team_id,participant_id,position,medal_id) values(4,12,62,199,2,2);
INSERT INTO SCOREBOARD(olympics_id,event_id,team_id,participant_id,position,medal_id) values(4,12,62,200,2,2);
INSERT INTO SCOREBOARD(olympics_id,event_id,team_id,participant_id,position,medal_id) values(4,12,63,191,3,3);
INSERT INTO SCOREBOARD(olympics_id,event_id,team_id,participant_id,position,medal_id) values(4,12,63,192,3,3);
INSERT INTO SCOREBOARD(olympics_id,event_id,team_id,participant_id,position,medal_id) values(4,12,63,193,3,3);
INSERT INTO SCOREBOARD(olympics_id,event_id,team_id,participant_id,position,medal_id) values(4,12,63,187,3,3);
INSERT INTO SCOREBOARD(olympics_id,event_id,team_id,participant_id,position,medal_id) values(4,12,63,188,3,3);
INSERT INTO SCOREBOARD(olympics_id,event_id,team_id,participant_id,position,medal_id) values(4,12,63,201,3,3);
INSERT INTO SCOREBOARD(olympics_id,event_id,team_id,participant_id,position,medal_id) values(4,12,63,202,3,3);
INSERT INTO SCOREBOARD(olympics_id,event_id,team_id,participant_id,position,medal_id) values(4,12,64,144,4,4);
INSERT INTO SCOREBOARD(olympics_id,event_id,team_id,participant_id,position,medal_id) values(4,12,64,175,4,4);
INSERT INTO SCOREBOARD(olympics_id,event_id,team_id,participant_id,position,medal_id) values(4,12,64,176,4,4);
INSERT INTO SCOREBOARD(olympics_id,event_id,team_id,participant_id,position,medal_id) values(4,12,64,178,4,4);
INSERT INTO SCOREBOARD(olympics_id,event_id,team_id,participant_id,position,medal_id) values(4,12,64,179,4,4);
INSERT INTO SCOREBOARD(olympics_id,event_id,team_id,participant_id,position,medal_id) values(4,12,64,203,4,4);
INSERT INTO SCOREBOARD(olympics_id,event_id,team_id,participant_id,position,medal_id) values(4,12,64,204,4,4);
INSERT INTO SCOREBOARD(olympics_id,event_id,team_id,participant_id,position,medal_id) values(1,13,65,205,1,1);
INSERT INTO SCOREBOARD(olympics_id,event_id,team_id,participant_id,position,medal_id) values(1,13,66,206,2,2);
INSERT INTO SCOREBOARD(olympics_id,event_id,team_id,participant_id,position,medal_id) values(1,13,67,207,3,3);
INSERT INTO SCOREBOARD(olympics_id,event_id,team_id,participant_id,position,medal_id) values(1,13,68,208,4,4);
INSERT INTO SCOREBOARD(olympics_id,event_id,team_id,participant_id,position,medal_id) values(2,14,69,209,1,1);
INSERT INTO SCOREBOARD(olympics_id,event_id,team_id,participant_id,position,medal_id) values(2,14,70,210,2,2);
INSERT INTO SCOREBOARD(olympics_id,event_id,team_id,participant_id,position,medal_id) values(2,14,71,211,3,3);
INSERT INTO SCOREBOARD(olympics_id,event_id,team_id,participant_id,position,medal_id) values(2,14,72,212,4,4);
INSERT INTO SCOREBOARD(olympics_id,event_id,team_id,participant_id,position,medal_id) values(3,15,73,213,1,1);
INSERT INTO SCOREBOARD(olympics_id,event_id,team_id,participant_id,position,medal_id) values(3,15,74,214,2,2);
INSERT INTO SCOREBOARD(olympics_id,event_id,team_id,participant_id,position,medal_id) values(3,15,75,215,3,3);
INSERT INTO SCOREBOARD(olympics_id,event_id,team_id,participant_id,position,medal_id) values(3,15,76,216,4,4);
INSERT INTO SCOREBOARD(olympics_id,event_id,team_id,participant_id,position,medal_id) values(4,16,77,217,1,1);
INSERT INTO SCOREBOARD(olympics_id,event_id,team_id,participant_id,position,medal_id) values(4,16,78,218,2,2);
INSERT INTO SCOREBOARD(olympics_id,event_id,team_id,participant_id,position,medal_id) values(4,16,79,219,3,3);
INSERT INTO SCOREBOARD(olympics_id,event_id,team_id,participant_id,position,medal_id) values(4,16,80,220,4,4);
INSERT INTO SCOREBOARD(olympics_id,event_id,team_id,participant_id,position,medal_id) values(1,17,81,221,1,1);
INSERT INTO SCOREBOARD(olympics_id,event_id,team_id,participant_id,position,medal_id) values(1,17,82,222,2,2);
INSERT INTO SCOREBOARD(olympics_id,event_id,team_id,participant_id,position,medal_id) values(1,17,83,223,3,3);
INSERT INTO SCOREBOARD(olympics_id,event_id,team_id,participant_id,position,medal_id) values(1,17,84,224,4,4);
INSERT INTO SCOREBOARD(olympics_id,event_id,team_id,participant_id,position,medal_id) values(2,18,85,225,1,1);
INSERT INTO SCOREBOARD(olympics_id,event_id,team_id,participant_id,position,medal_id) values(2,18,86,222,2,2);
INSERT INTO SCOREBOARD(olympics_id,event_id,team_id,participant_id,position,medal_id) values(2,18,87,223,3,3);
INSERT INTO SCOREBOARD(olympics_id,event_id,team_id,participant_id,position,medal_id) values(2,18,88,226,4,4);
INSERT INTO SCOREBOARD(olympics_id,event_id,team_id,participant_id,position,medal_id) values(3,19,89,227,1,1);
INSERT INTO SCOREBOARD(olympics_id,event_id,team_id,participant_id,position,medal_id) values(3,19,90,222,2,2);
INSERT INTO SCOREBOARD(olympics_id,event_id,team_id,participant_id,position,medal_id) values(3,19,91,228,3,3);
INSERT INTO SCOREBOARD(olympics_id,event_id,team_id,participant_id,position,medal_id) values(3,19,92,229,4,4);
INSERT INTO SCOREBOARD(olympics_id,event_id,team_id,participant_id,position,medal_id) values(4,20,93,308,1,1);
INSERT INTO SCOREBOARD(olympics_id,event_id,team_id,participant_id,position,medal_id) values(4,20,94,227,2,2);
INSERT INTO SCOREBOARD(olympics_id,event_id,team_id,participant_id,position,medal_id) values(4,20,95,307,3,3);
INSERT INTO SCOREBOARD(olympics_id,event_id,team_id,participant_id,position,medal_id) values(4,20,96,230,4,4);
INSERT INTO SCOREBOARD(olympics_id,event_id,team_id,participant_id,position,medal_id) values(1,21,97,231,1,1);
INSERT INTO SCOREBOARD(olympics_id,event_id,team_id,participant_id,position,medal_id) values(1,21,98,232,2,2);
INSERT INTO SCOREBOARD(olympics_id,event_id,team_id,participant_id,position,medal_id) values(1,21,99,233,3,3);
INSERT INTO SCOREBOARD(olympics_id,event_id,team_id,participant_id,position,medal_id) values(1,21,100,234,4,4);
INSERT INTO SCOREBOARD(olympics_id,event_id,team_id,participant_id,position,medal_id) values(2,22,101,231,1,1);
INSERT INTO SCOREBOARD(olympics_id,event_id,team_id,participant_id,position,medal_id) values(2,22,102,235,2,2);
INSERT INTO SCOREBOARD(olympics_id,event_id,team_id,participant_id,position,medal_id) values(2,22,103,236,3,3);
INSERT INTO SCOREBOARD(olympics_id,event_id,team_id,participant_id,position,medal_id) values(2,22,104,232,4,4);
INSERT INTO SCOREBOARD(olympics_id,event_id,team_id,participant_id,position,medal_id) values(3,23,105,237,1,1);
INSERT INTO SCOREBOARD(olympics_id,event_id,team_id,participant_id,position,medal_id) values(3,23,106,238,2,2);
INSERT INTO SCOREBOARD(olympics_id,event_id,team_id,participant_id,position,medal_id) values(3,23,107,231,3,3);
INSERT INTO SCOREBOARD(olympics_id,event_id,team_id,participant_id,position,medal_id) values(3,23,108,235,4,4);
INSERT INTO SCOREBOARD(olympics_id,event_id,team_id,participant_id,position,medal_id) values(4,24,109,239,1,1);
INSERT INTO SCOREBOARD(olympics_id,event_id,team_id,participant_id,position,medal_id) values(4,24,110,237,2,2);
INSERT INTO SCOREBOARD(olympics_id,event_id,team_id,participant_id,position,medal_id) values(4,24,111,240,3,3);
INSERT INTO SCOREBOARD(olympics_id,event_id,team_id,participant_id,position,medal_id) values(4,24,112,241,4,4);

COMMIT;